Mesh_ID,Mesh_Index,Modality,Mean_IoU,Mean_Dice,Std_IoU,Std_Dice,Num_Instances,Num_Predicted_Masks,Mesh_Runtime
00200996b8f34f55a2dd2f44d316d107,0,normal,0.35046167570081627,0.46989022398536856,0.23750086503211262,0.28075373936287135,11,13,548.7685430049896
00200996b8f34f55a2dd2f44d316d107,0,point,0.2534789585254409,0.3373642231930386,0.2703995659767436,0.3171530460316326,11,6,548.7685430049896
00200996b8f34f55a2dd2f44d316d107,0,matte,0.33826063674959267,0.4301876589994539,0.30709519572266114,0.3333783009470943,11,15,548.7685430049896
002e462c8bfa4267a9c9f038c7966f3b,1,normal,0.25721207544362795,0.3026326207133631,0.35909746252394303,0.37732216971470495,6,8,425.67281579971313
002e462c8bfa4267a9c9f038c7966f3b,1,point,0.13857930972396085,0.20342838764190674,0.1845664018869663,0.24814907741898742,6,5,425.67281579971313
002e462c8bfa4267a9c9f038c7966f3b,1,matte,0.23042710175892958,0.28693430645701784,0.30927711053991525,0.35122992932953634,6,6,425.67281579971313
00790c705e4c4a1fbc0af9bf5c9e9525,2,normal,0.24318525307656577,0.28710167461152497,0.34710720219692254,0.37701126211681923,12,7,405.86734795570374
00790c705e4c4a1fbc0af9bf5c9e9525,2,point,0.23979319175547667,0.2846745181426134,0.34422142201094635,0.3721626146899485,12,9,405.86734795570374
00790c705e4c4a1fbc0af9bf5c9e9525,2,matte,0.15564319916393288,0.1819932372375964,0.30591210141472436,0.33366655099677667,12,5,405.86734795570374
00aee5c2fef743d69421bb642d446a5b,3,normal,0.4034728407859802,0.5709472596645355,0.07440295815467834,0.07575902342796326,2,6,476.09979915618896
00aee5c2fef743d69421bb642d446a5b,3,point,0.41677722334861755,0.5853033363819122,0.06569874286651611,0.06560227274894714,2,5,476.09979915618896
00aee5c2fef743d69421bb642d446a5b,3,matte,0.6875429302453995,0.7964664399623871,0.20853595435619354,0.14872512221336365,2,5,476.09979915618896
01b8043112e74366a21256d5e64398fb,4,normal,0.49405395053327084,0.5043974643340334,0.48398086687407665,0.4845650792670147,4,4,504.09922099113464
01b8043112e74366a21256d5e64398fb,4,point,0.1778793859994039,0.26545418123714626,0.1710913851220564,0.25184567471355707,4,2,504.09922099113464
01b8043112e74366a21256d5e64398fb,4,matte,0.49611611053114757,0.5026119140675291,0.48995393855007424,0.4903941431452852,4,4,504.09922099113464
01fe14f50de443e4b11ad1fe033df666,5,normal,0.19997387070179684,0.2418857474840479,0.3212755178143608,0.3440779288557198,12,7,382.2242703437805
01fe14f50de443e4b11ad1fe033df666,5,point,0.21805761099919133,0.28699047430321417,0.28185058112339867,0.31406630227032256,12,11,382.2242703437805
01fe14f50de443e4b11ad1fe033df666,5,matte,0.22054575678581992,0.28280560156175244,0.29677225668936885,0.3274442934908089,12,9,382.2242703437805
02e777bdc5114b148963ed3def6ad471,6,normal,0.6485122249772152,0.6911434059341749,0.40632482928093366,0.38861369560134273,6,10,410.0053870677948
02e777bdc5114b148963ed3def6ad471,6,point,0.4829959940786163,0.5683333780616522,0.36627254886053245,0.3419021662282499,6,7,410.0053870677948
02e777bdc5114b148963ed3def6ad471,6,matte,0.6001771421482166,0.6630741419891516,0.3777404206545003,0.3702720803887479,6,12,410.0053870677948
053b8a4984e340ad94f3b563594ff09d,7,normal,0.14467732033226638,0.16243777819909155,0.3124866529979511,0.3343252166305204,10,5,410.3462858200073
053b8a4984e340ad94f3b563594ff09d,7,point,0.22677818723022938,0.25633054636418817,0.35688675456054675,0.3923029860850328,10,6,410.3462858200073
053b8a4984e340ad94f3b563594ff09d,7,matte,0.14914414989689248,0.1718792330571887,0.30908043070223595,0.3295240070144323,10,8,410.3462858200073
062c791e78a643f7bd380c336f809389,8,normal,0.5361435651779175,0.6567662060260773,0.2797692901883532,0.22807544659269943,5,11,547.0521821975708
062c791e78a643f7bd380c336f809389,8,point,0.3152188405394554,0.43705323785543443,0.23178769373435154,0.24304016080166604,5,5,547.0521821975708
062c791e78a643f7bd380c336f809389,8,matte,0.5520284980535507,0.6704778075218201,0.2784899551780416,0.22974685878652948,5,7,547.0521821975708
074c0b05d9644dd0ab5e2b932fa2bb5a,9,normal,0.46354795935523424,0.4826477389365209,0.4639136732824021,0.4766429247696355,6,6,561.1052062511444
074c0b05d9644dd0ab5e2b932fa2bb5a,9,point,0.1663450968953839,0.23474498305828698,0.21167517201689245,0.27967446851674027,6,2,561.1052062511444
074c0b05d9644dd0ab5e2b932fa2bb5a,9,matte,0.4685023326116304,0.48621002382909256,0.46692386388965806,0.47823706037351543,6,6,561.1052062511444
0c3ca2b32545416f8f1e6f0e87def1a6,10,normal,0.4829236087243771,0.4914117810112657,0.48279096513579134,0.49114652902062517,2,9,549.8687851428986
0c3ca2b32545416f8f1e6f0e87def1a6,10,point,0.5112758260220289,0.5381501354277134,0.46511668153107166,0.4499051533639431,2,7,549.8687851428986
0c3ca2b32545416f8f1e6f0e87def1a6,10,matte,0.37464734620880336,0.42988820490427315,0.3723397582070902,0.4252836543601006,2,12,549.8687851428986
0c4e4a0b2a374553ae762bb33e8dd2d0,11,normal,0.3873117492767051,0.48149867992227274,0.3166824396474116,0.34388166469643944,6,13,527.2622752189636
0c4e4a0b2a374553ae762bb33e8dd2d0,11,point,0.15260750975479218,0.15959399795853338,0.3407489903815133,0.3558801287787135,6,9,527.2622752189636
0c4e4a0b2a374553ae762bb33e8dd2d0,11,matte,0.3689432395428109,0.41363055381710484,0.4027777142867415,0.42981899824463377,6,15,527.2622752189636
0d829115bb4d472da5d05cdf529b6694,12,normal,0.378527257591486,0.4645752627402544,0.35421848494626884,0.3341280105048926,4,9,450.961594581604
0d829115bb4d472da5d05cdf529b6694,12,point,0.5990762747824192,0.6796269565820694,0.3647072912015793,0.30614818700462654,4,8,450.961594581604
0d829115bb4d472da5d05cdf529b6694,12,matte,0.5857256930321455,0.6516613997519016,0.39285692623474877,0.3544385717741099,4,8,450.961594581604
11ad3b320ee74185ae4ba26ddc910b52,13,normal,0.16017659684681954,0.1858807347380207,0.31337717711111773,0.33604189823380964,12,3,485.4400780200958
11ad3b320ee74185ae4ba26ddc910b52,13,point,0.161747579848452,0.20484036255220417,0.27594363112274745,0.31261169773415615,12,4,485.4400780200958
11ad3b320ee74185ae4ba26ddc910b52,13,matte,0.16073575597329182,0.18467328330856012,0.31791553341974904,0.33934228929054155,12,3,485.4400780200958
13399a61f6414e4f94bdcb8ad4dbc7ce,14,normal,0.2571099096623419,0.29168158692350105,0.3745419865163881,0.3977953974514515,11,6,493.28337359428406
13399a61f6414e4f94bdcb8ad4dbc7ce,14,point,0.3244651911432315,0.34690616430386645,0.42795470808378233,0.4441169162352328,11,5,493.28337359428406
13399a61f6414e4f94bdcb8ad4dbc7ce,14,matte,0.24452304626307028,0.2830838463163342,0.3599077851726436,0.38405614746443606,11,7,493.28337359428406
13cc3ffc69964894a2bc94154aed687f,15,normal,0.19019395226033256,0.20690142777311848,0.3661281717045899,0.3665422754024821,11,5,496.67898321151733
13cc3ffc69964894a2bc94154aed687f,15,point,0.260598496498212,0.2772320781183556,0.4094583033083754,0.41966675100981765,11,6,496.67898321151733
13cc3ffc69964894a2bc94154aed687f,15,matte,0.2798789871528491,0.30673912913665513,0.40806190398959163,0.41040747981164716,11,9,496.67898321151733
144bf300ef43437096e4be61f4575bab,16,normal,0.0956455675939865,0.14060138274148545,0.18554063859289122,0.2027003498560631,17,3,507.43996238708496
144bf300ef43437096e4be61f4575bab,16,point,0.09883554086691755,0.148332147160545,0.1778538462129677,0.19697469366156403,17,4,507.43996238708496
144bf300ef43437096e4be61f4575bab,16,matte,0.09903703967574984,0.14797066972481415,0.180280231855119,0.19866418984881307,17,4,507.43996238708496
186ecaa38ee9468eb222328852afbd7c,17,normal,0.775226004421711,0.8347321152687073,0.29206179360321133,0.23511191895054986,4,10,467.81438994407654
186ecaa38ee9468eb222328852afbd7c,17,point,0.25009453104576096,0.25633092888165265,0.42335425427837103,0.4246160380529326,4,6,467.81438994407654
186ecaa38ee9468eb222328852afbd7c,17,matte,0.5095844102324918,0.5398291357269045,0.45739057019676366,0.4476677321345537,4,6,467.81438994407654
1b3e8b99913442308aa989e3f87680b3,18,normal,0.420116528469537,0.44492597493808717,0.4559233303786688,0.45785023380726436,7,6,492.5594289302826
1b3e8b99913442308aa989e3f87680b3,18,point,0.21633332914396824,0.2998106718696363,0.2415974902683039,0.28526644463255146,7,3,492.5594289302826
1b3e8b99913442308aa989e3f87680b3,18,matte,0.36506091750093866,0.4018010438552925,0.4186390353048008,0.43631192658396706,7,7,492.5594289302826
1b41e3e63867499cada873215bf255ee,19,normal,0.5065347041402545,0.532890328339168,0.45274986665336864,0.4667278716392285,7,7,444.13743329048157
1b41e3e63867499cada873215bf255ee,19,point,0.14258622011818392,0.22352647773264575,0.14146356477329525,0.21140897957752802,7,2,444.13743329048157
1b41e3e63867499cada873215bf255ee,19,matte,0.510039917060307,0.5348605939320156,0.4557979365480394,0.46839201817119147,7,6,444.13743329048157
1b4484ff850e4580a96eb29ade0c98a4,20,normal,0.10999694536440074,0.1836454900330864,0.09990316592354784,0.16175362321433337,8,2,367.78057742118835
1b4484ff850e4580a96eb29ade0c98a4,20,point,0.10575501842140511,0.1679374764644308,0.12897716823323324,0.2002661710144004,8,2,367.78057742118835
1b4484ff850e4580a96eb29ade0c98a4,20,matte,0.11061967935529537,0.18439217185368761,0.10087717508717234,0.16318666547929211,8,2,367.78057742118835
1c2814ba1a6d43e8a27fcb1d26b6aabf,21,normal,0.4667754258428301,0.5556664445570537,0.35469224254044673,0.34099970764632226,7,7,295.7104477882385
1c2814ba1a6d43e8a27fcb1d26b6aabf,21,point,0.37642813101410866,0.4526850740824427,0.3674435869905249,0.35675567429788196,7,6,295.7104477882385
1c2814ba1a6d43e8a27fcb1d26b6aabf,21,matte,0.3689534366130829,0.4449875269617353,0.3497501743982804,0.37328964701329853,7,7,295.7104477882385
1d97ec6885464f6a9ce7a4cc955bff41,22,normal,0.6660043079342964,0.6984863561204596,0.410559046412082,0.4136603520243682,12,19,247.71588969230652
1d97ec6885464f6a9ce7a4cc955bff41,22,point,0.5164036595045332,0.5627256834114102,0.4259065811935434,0.4269911725556282,12,10,247.71588969230652
1d97ec6885464f6a9ce7a4cc955bff41,22,matte,0.7331987569729487,0.7414907862742742,0.42337379539900444,0.4281157682373847,12,20,247.71588969230652
2084a523a5df4567844524afef5912db,23,normal,0.26782307766067487,0.2923356587998569,0.40065378800044793,0.41500747573133195,9,6,136.02352571487427
2084a523a5df4567844524afef5912db,23,point,0.2757194895303756,0.32559862902497927,0.3615843110899248,0.37948597046111054,9,9,136.02352571487427
2084a523a5df4567844524afef5912db,23,matte,0.271825467491807,0.30172211176573505,0.39524094587289016,0.4076792543143519,9,8,136.02352571487427
2260799ee4e342398b64ab4ce8af1559,24,normal,0.3006831158691057,0.3331253820899292,0.40163044768308664,0.42262457218273575,10,10,123.18534922599792
2260799ee4e342398b64ab4ce8af1559,24,point,0.49339917320758103,0.5925122509710491,0.32096700012860424,0.3266049513983425,10,10,123.18534922599792
2260799ee4e342398b64ab4ce8af1559,24,matte,0.2923184180195676,0.3276200446474832,0.39321902224392397,0.4148144190629862,10,9,123.18534922599792
226887c32c7a4a1f97de694e9bdbd10d,25,normal,0.29696828990043805,0.347974488345374,0.3674196921996075,0.39254247385611996,14,13,126.05976629257202
226887c32c7a4a1f97de694e9bdbd10d,25,point,0.2595507169213046,0.29400335122565074,0.37732071851211646,0.3958156105646908,14,6,126.05976629257202
226887c32c7a4a1f97de694e9bdbd10d,25,matte,0.299433902848453,0.33277378336601615,0.3944187057141471,0.42325056290379326,14,12,126.05976629257202
238bdb0c4e3e4432951c31c85a55a9c8,26,normal,0.3943053498805966,0.4650222727796063,0.3728794617891972,0.38159383237206024,4,19,107.13006234169006
238bdb0c4e3e4432951c31c85a55a9c8,26,point,0.14527345403803338,0.23727874261930992,0.10953233562249169,0.17185365375322026,4,2,107.13006234169006
238bdb0c4e3e4432951c31c85a55a9c8,26,matte,0.4355216498952359,0.5478060880559497,0.2647958416742782,0.3220548680080093,4,18,107.13006234169006
2452cceb3ce7430ab033be6d5fc12a6e,27,normal,0.7555512774058364,0.8091613023795865,0.31499019296370956,0.2924933137137432,11,13,111.24618029594421
2452cceb3ce7430ab033be6d5fc12a6e,27,point,0.6241170630197633,0.7031592664054849,0.3389162416272892,0.31857523808442934,11,14,111.24618029594421
2452cceb3ce7430ab033be6d5fc12a6e,27,matte,0.5981286025860093,0.681222271851518,0.32919779517317765,0.3318320484498983,11,11,111.24618029594421
245af7dde0cd4add9f7e11db3bbbccba,28,normal,0.6308428795697788,0.6992986081168056,0.35460585247401,0.347300420129463,6,8,122.9576027393341
245af7dde0cd4add9f7e11db3bbbccba,28,point,0.37570801419982064,0.467581305730467,0.31632892545763364,0.34767426425309284,6,4,122.9576027393341
245af7dde0cd4add9f7e11db3bbbccba,28,matte,0.7217499928859373,0.7723551895469427,0.33425871215487196,0.34280594527112085,6,9,122.9576027393341
25a32b2b119948c3b905a21db1098f45,29,normal,0.31408419537668425,0.3260545525699854,0.4403572010582149,0.45351242255494695,3,5,109.28148651123047
25a32b2b119948c3b905a21db1098f45,29,point,0.3444408383220434,0.37713606407245,0.42965141740026475,0.42329665711040115,3,4,109.28148651123047
25a32b2b119948c3b905a21db1098f45,29,matte,0.34266628076632816,0.38293708115816116,0.4161177548925928,0.41144537921854724,3,5,109.28148651123047
25a8ae3794594941bb2f7091d608b336,30,normal,0.37604627926619005,0.42890011332929134,0.3960667193864818,0.4128315066778702,13,7,144.59704208374023
25a8ae3794594941bb2f7091d608b336,30,point,0.23939474302572378,0.29081069456431297,0.32138305959199875,0.37178208498547377,13,7,144.59704208374023
25a8ae3794594941bb2f7091d608b336,30,matte,0.3377003391058399,0.39219881397170514,0.3780926342097335,0.4034840411993637,13,8,144.59704208374023
26b87e15e15b449fae1b57bdd6d477ef,31,normal,0.2739407916266758,0.3353171884082258,0.3373843735640434,0.3621917872236951,13,8,119.94596099853516
26b87e15e15b449fae1b57bdd6d477ef,31,point,0.058999164817998044,0.10543324296864179,0.061646199317120655,0.10305049361145434,13,3,119.94596099853516
26b87e15e15b449fae1b57bdd6d477ef,31,matte,0.3096107494336768,0.39752863041268516,0.30815884509595187,0.32673224000103385,13,10,119.94596099853516
2830f5fdb88942d5a3285a7433b4efea,32,normal,0.6724215655121952,0.7092379401437938,0.3937343468764371,0.4049142050341143,4,8,139.79776906967163
2830f5fdb88942d5a3285a7433b4efea,32,point,0.5911142281256616,0.6592886643484235,0.3590608225516598,0.3755200761285972,4,8,139.79776906967163
2830f5fdb88942d5a3285a7433b4efea,32,matte,0.6709850430488586,0.7061768770217896,0.3962358769158858,0.41055367540329435,4,8,139.79776906967163
29e480b958df44a2ac3a4ed12b7ee1a0,33,normal,0.37204999583108084,0.46496772300451994,0.32163395242153064,0.3362733911427911,7,5,122.59916973114014
29e480b958df44a2ac3a4ed12b7ee1a0,33,point,0.22939788363873959,0.3172409318919693,0.2517041662438284,0.2768645911159936,7,3,122.59916973114014
29e480b958df44a2ac3a4ed12b7ee1a0,33,matte,0.40578729779060396,0.5047810551311288,0.30813117826141456,0.3343107632505964,7,6,122.59916973114014
2dd2980caf87450d9ef7e42adb43f2ca,34,normal,0.5361264414257474,0.6353469375107024,0.3243059500077579,0.3000275630593784,9,18,105.59344863891602
2dd2980caf87450d9ef7e42adb43f2ca,34,point,0.5412674699392583,0.6348476790719562,0.3331169358080855,0.3148887564980674,9,13,105.59344863891602
2dd2980caf87450d9ef7e42adb43f2ca,34,matte,0.5471149757504463,0.6410073339939117,0.3339363454041593,0.30947315869088476,9,16,105.59344863891602
2e5436e635dc4336984c76a5f92c7141,35,normal,0.0,0.0,0.0,0.0,5,1,103.69919943809509
2e5436e635dc4336984c76a5f92c7141,35,point,0.0,0.0,0.0,0.0,5,1,103.69919943809509
2e5436e635dc4336984c76a5f92c7141,35,matte,0.0,0.0,0.0,0.0,5,1,103.69919943809509
2e588c7566c54e4086511411763a3e29,36,normal,0.45106953866779803,0.5080634715656439,0.4096191407818663,0.4071973141327764,15,13,128.00772356987
2e588c7566c54e4086511411763a3e29,36,point,0.40893767655361446,0.47479216385011874,0.3846254043000538,0.3928232550010447,15,11,128.00772356987
2e588c7566c54e4086511411763a3e29,36,matte,0.43485393275817236,0.5039967949191729,0.3832157521610117,0.38730675692829597,15,12,128.00772356987
2ef369ebae66464f9d2479057a6bf6d2,37,normal,0.16063998453319073,0.24953661486506462,0.150635895323564,0.21115857040393982,4,25,101.1215147972107
2ef369ebae66464f9d2479057a6bf6d2,37,point,0.19806074161897413,0.2911917148012435,0.1852640723486075,0.2559892540223218,4,19,101.1215147972107
2ef369ebae66464f9d2479057a6bf6d2,37,matte,0.1503998041152954,0.23758193477988243,0.13871603851474937,0.1989899700292687,4,25,101.1215147972107
2f7852f6833d4eb69ee3f6ef5fac5738,38,normal,0.45401162817142904,0.5295929231991371,0.37188190606474647,0.3759353836145007,12,9,123.74106335639954
2f7852f6833d4eb69ee3f6ef5fac5738,38,point,0.16840598165633006,0.17746255577518846,0.35744581133734976,0.3627224423293103,12,4,123.74106335639954
2f7852f6833d4eb69ee3f6ef5fac5738,38,matte,0.42029344510107575,0.4389289891311516,0.4645731608940117,0.4689538507569946,12,9,123.74106335639954
3031b834ab514a0fb91e0fec151ed0ff,39,normal,0.6129916901700199,0.6831282060593367,0.3469339058354735,0.3601259880182172,8,11,128.98339533805847
3031b834ab514a0fb91e0fec151ed0ff,39,point,0.3629997586394893,0.431944407755509,0.3621756207913928,0.3835662385244483,8,7,128.98339533805847
3031b834ab514a0fb91e0fec151ed0ff,39,matte,0.45089238457148895,0.5189661851618439,0.37871397872256085,0.39848617734272834,8,8,128.98339533805847
31b3720044ca458d90461a4ba5a22abf,40,normal,0.2046958354767412,0.2713427754262319,0.26290167665804903,0.3173940667980264,13,12,125.69505405426025
31b3720044ca458d90461a4ba5a22abf,40,point,0.19727684714999982,0.25131360634808375,0.2794436044822106,0.33714315758643715,13,8,125.69505405426025
31b3720044ca458d90461a4ba5a22abf,40,matte,0.19388661111028901,0.25024870308810093,0.272259789101817,0.32880402468052894,13,8,125.69505405426025
358eb80d4d074dee8cd65b4b0fa187f7,41,normal,0.4054429965714614,0.4971613734960556,0.33880134180484,0.33415635788491194,9,9,94.33734059333801
358eb80d4d074dee8cd65b4b0fa187f7,41,point,0.10506224135557811,0.17847939932511914,0.09147804473976864,0.14120848715638004,9,7,94.33734059333801
358eb80d4d074dee8cd65b4b0fa187f7,41,matte,0.3589200251218345,0.43687077590988743,0.35005436351761976,0.3585850311589141,9,8,94.33734059333801
36793e98c89f41c186617d4581598ec4,42,normal,0.2220195620595607,0.30762540338198757,0.2469525957811692,0.28027879252510607,9,5,106.22737169265747
36793e98c89f41c186617d4581598ec4,42,point,0.15246900729835033,0.21417501447204915,0.2296419027694147,0.2559166319819176,9,3,106.22737169265747
36793e98c89f41c186617d4581598ec4,42,matte,0.3008929076863246,0.36757750023389235,0.33763082856450044,0.37005492694632375,9,6,106.22737169265747
395af3909e9d4152b713769ae9182ef0,43,normal,0.4239313800353557,0.45934928208589554,0.44049993445918845,0.44165144572817844,7,9,103.53277778625488
395af3909e9d4152b713769ae9182ef0,43,point,0.4199839143880776,0.4948431955916541,0.37341594578349124,0.3700970565587319,7,7,103.53277778625488
395af3909e9d4152b713769ae9182ef0,43,matte,0.39702549609215304,0.4118212178966912,0.4605817480591325,0.47545679450107353,7,9,103.53277778625488
3a5ed2b8d5c5468897e797dcaba508a1,44,normal,0.32922862337167874,0.3992473335506824,0.3354748504577749,0.3847455889976928,13,8,102.98680067062378
3a5ed2b8d5c5468897e797dcaba508a1,44,point,0.20799804292619228,0.29773768374266535,0.20481077783366458,0.27647918344052436,13,7,102.98680067062378
3a5ed2b8d5c5468897e797dcaba508a1,44,matte,0.3398953387110781,0.40851152990944684,0.34573743527776263,0.3877045314764548,13,11,102.98680067062378
3acbbe6269234a22b93f7e44aa8b1798,45,normal,0.26923493047555286,0.3374531374623378,0.3245111257331964,0.3425682466849558,6,4,103.78805255889893
3acbbe6269234a22b93f7e44aa8b1798,45,point,0.18346215311127403,0.21461388422176242,0.33287431898105185,0.34060316242937577,6,3,103.78805255889893
3acbbe6269234a22b93f7e44aa8b1798,45,matte,0.2720191764334838,0.32733040023595095,0.34724005791303253,0.3701061890608637,6,4,103.78805255889893
3b204e1c8fa34183821cf925128f545c,46,normal,0.2038994831798066,0.23687262550395513,0.3442855475228858,0.36061855246638935,7,5,140.96842551231384
3b204e1c8fa34183821cf925128f545c,46,point,0.1923203714603525,0.2178044811797528,0.3475371499788307,0.36404236819270186,7,4,140.96842551231384
3b204e1c8fa34183821cf925128f545c,46,matte,0.2100113826038848,0.24259751679242722,0.34942603889489443,0.3663622847208611,7,5,140.96842551231384
3b4702ea84544ab5bf0cbfe91df1b789,47,normal,0.916720986366272,0.9560867249965668,0.04043656587600708,0.022023171186447144,2,9,113.21322107315063
3b4702ea84544ab5bf0cbfe91df1b789,47,point,0.47965908457990736,0.49151697498746216,0.47708153317216784,0.4863751258235425,2,6,113.21322107315063
3b4702ea84544ab5bf0cbfe91df1b789,47,matte,0.9095914661884308,0.9517894089221954,0.05489233136177063,0.030131429433822632,2,9,113.21322107315063
3d55d8d947c2402498c23c1d6dbce934,48,normal,0.24905056827369013,0.3296716038104413,0.2752385120541942,0.31854590723118076,14,9,102.04764652252197
3d55d8d947c2402498c23c1d6dbce934,48,point,0.22671544070388855,0.31799639176045147,0.2363282209984103,0.27236347349368323,14,12,102.04764652252197
3d55d8d947c2402498c23c1d6dbce934,48,matte,0.21240803430347505,0.29590191408143646,0.22692575614466107,0.292733536857129,14,10,102.04764652252197
3eac61535005406885ad708b4eb375e9,49,normal,0.28194177474360915,0.3510654863901436,0.3281030398352082,0.3517324910027105,10,9,122.636159658432
3eac61535005406885ad708b4eb375e9,49,point,0.25207079522078857,0.3247481972211972,0.29847656278737805,0.3312431948297347,10,7,122.636159658432
3eac61535005406885ad708b4eb375e9,49,matte,0.36874482948333026,0.4615353178232908,0.3203198783724804,0.33489420136274645,10,10,122.636159658432
4017fc4184ef4c2782a0231113258a17,50,normal,0.49954993038409157,0.5161641615753373,0.47607342325121627,0.4732765008477282,6,8,115.20522832870483
4017fc4184ef4c2782a0231113258a17,50,point,0.37823705064753693,0.45319009261826676,0.3695301807575517,0.35949586712366205,6,5,115.20522832870483
4017fc4184ef4c2782a0231113258a17,50,matte,0.4834013096988201,0.5084857617815336,0.460216402572874,0.4628352866185283,6,9,115.20522832870483
404f12ba60f444bca620c4405ef50bab,51,normal,0.4695905568776652,0.574121156707406,0.3025365659995062,0.32301785760746915,5,14,96.3154718875885
404f12ba60f444bca620c4405ef50bab,51,point,0.40674918372533286,0.4862033983343281,0.3520763494277698,0.3716647482621195,5,5,96.3154718875885
404f12ba60f444bca620c4405ef50bab,51,matte,0.4939767318253871,0.5927678971493151,0.31300893378742256,0.3333380736246383,5,14,96.3154718875885
4119064c292c4a6c8fc6236a8034c2f1,52,normal,0.3577875643968582,0.42526447772979736,0.3661170064997868,0.38138095604773464,3,13,109.32024240493774
4119064c292c4a6c8fc6236a8034c2f1,52,point,0.5802156436257064,0.6228963378816843,0.4069179658359443,0.43293047775976823,3,8,109.32024240493774
4119064c292c4a6c8fc6236a8034c2f1,52,matte,0.5996346548199654,0.6515084430575371,0.39255095177429167,0.40021846961943947,3,11,109.32024240493774
416ea8eb185542499bab9b523c072fd6,53,normal,0.10161973190094743,0.15603563322552613,0.14527493784999349,0.21597487029911386,7,7,120.54241681098938
416ea8eb185542499bab9b523c072fd6,53,point,0.05245369789242561,0.07673980664653104,0.12846362273651074,0.18793102790971736,7,3,120.54241681098938
416ea8eb185542499bab9b523c072fd6,53,matte,0.11030200986923384,0.16626047266514174,0.15695316411699797,0.2294929443002298,7,10,120.54241681098938
423121778c4b4e849a029b8281c68bda,54,normal,0.6146661717689962,0.6446705971944279,0.4349613762597829,0.43407042127410395,14,16,129.76234006881714
423121778c4b4e849a029b8281c68bda,54,point,0.2390498019069907,0.26633364405071397,0.38068898942478224,0.3915348397561696,14,5,129.76234006881714
423121778c4b4e849a029b8281c68bda,54,matte,0.5550582937893134,0.5822697846290664,0.4528626137883189,0.4529790088816732,14,10,129.76234006881714
42e5ff17de214f0d8aabd509f090a46c,55,normal,0.3917577222685698,0.47176208286934224,0.35685794546070143,0.36014477407651363,6,5,126.6116509437561
42e5ff17de214f0d8aabd509f090a46c,55,point,0.21067061585684618,0.322323905924956,0.1495781626022042,0.20892490702925792,6,4,126.6116509437561
42e5ff17de214f0d8aabd509f090a46c,55,matte,0.3419826743386996,0.4083064346341416,0.36205345731122884,0.37956974642831454,6,7,126.6116509437561
439ee7ebf11d45739dbef21b91669c1b,56,normal,0.5418069384657429,0.6086468962952495,0.3776720170758135,0.38671154688999687,10,15,127.69075846672058
439ee7ebf11d45739dbef21b91669c1b,56,point,0.3584826654623612,0.3777134894990013,0.440590848678913,0.46303071731575685,10,8,127.69075846672058
439ee7ebf11d45739dbef21b91669c1b,56,matte,0.3991786763537675,0.46126742284977806,0.37812202709243614,0.40835989102928094,10,13,127.69075846672058
45adf40fce0a4690878d1c23c95f8477,57,normal,0.39306073565530825,0.5114005078183255,0.24804973335921401,0.2991546335093297,5,10,142.4158263206482
45adf40fce0a4690878d1c23c95f8477,57,point,0.25168275758624076,0.37760940939188004,0.15920325380863634,0.19480356500190785,5,8,142.4158263206482
45adf40fce0a4690878d1c23c95f8477,57,matte,0.36648580357432364,0.4939296953380108,0.2176129062699563,0.2677494104362855,5,13,142.4158263206482
45f763b1243e4836a75f22278b80f6fe,58,normal,0.9873731136322021,0.9936464428901672,0.0,0.0,1,6,112.80037140846252
45f763b1243e4836a75f22278b80f6fe,58,point,0.9885040521621704,0.9942187666893005,0.0,0.0,1,5,112.80037140846252
45f763b1243e4836a75f22278b80f6fe,58,matte,0.9830408692359924,0.991447925567627,0.0,0.0,1,9,112.80037140846252
474fd643f4204ee59ff73fe9b1916239,59,normal,0.40999613640209037,0.4891496238609155,0.36123706619686685,0.3657715302225786,3,8,122.78735089302063
474fd643f4204ee59ff73fe9b1916239,59,point,0.4284844969709714,0.4961113731066386,0.3939029218026233,0.3818218652164122,3,3,122.78735089302063
474fd643f4204ee59ff73fe9b1916239,59,matte,0.4059585506717364,0.48424604410926503,0.3628480006218903,0.3661818068202543,3,8,122.78735089302063
47e55754cfde48a49c3dfe12e393dc18,60,normal,0.34511688811471686,0.4020710329641588,0.36897048355999634,0.40889243487843735,4,6,139.71562433242798
47e55754cfde48a49c3dfe12e393dc18,60,point,0.3503210073977243,0.40379341662628576,0.37874128607562946,0.4147071302456359,4,5,139.71562433242798
47e55754cfde48a49c3dfe12e393dc18,60,matte,0.3533906951925019,0.40559516931534745,0.3834620743508123,0.41633457774138866,4,5,139.71562433242798
4af3caebbad24f25a04e4db48a85b74d,61,normal,0.2507097639434505,0.30941361222648994,0.31914492634422265,0.3624348954703373,10,7,107.51582455635071
4af3caebbad24f25a04e4db48a85b74d,61,point,0.24703831711885868,0.3378477011268842,0.2498681750767604,0.29587768365978706,10,5,107.51582455635071
4af3caebbad24f25a04e4db48a85b74d,61,matte,0.19274103296920658,0.23319649379700422,0.31233703334154267,0.34751346871971117,10,3,107.51582455635071
4b57e73e82ab400aa307adac36ea0e5e,62,normal,0.19708292096765945,0.22251483925356297,0.3378024532973563,0.3783205179700425,4,7,105.28901886940002
4b57e73e82ab400aa307adac36ea0e5e,62,point,0.12200822083104867,0.16576758625160437,0.20753987914047528,0.2795809862288085,4,2,105.28901886940002
4b57e73e82ab400aa307adac36ea0e5e,62,matte,0.24122528695806977,0.24591014612087747,0.4172283016175583,0.4247571608223416,4,8,105.28901886940002
4c1be75a50094357892d1cb8b6ad3f34,63,normal,0.5166903765367654,0.5639549790386809,0.41372833485202143,0.4321914383045887,15,14,137.9356484413147
4c1be75a50094357892d1cb8b6ad3f34,63,point,0.2780923530875953,0.2971903341313009,0.412895656446075,0.4289948374104572,15,7,137.9356484413147
4c1be75a50094357892d1cb8b6ad3f34,63,matte,0.4623717281705467,0.4943189717431475,0.4366616115345322,0.4632039824547096,15,11,137.9356484413147
4c387f86d1b4436f86abb37ee060fd7a,64,normal,0.5674719429574907,0.617051311954856,0.4188928925181997,0.40339446544094465,10,10,126.31845259666443
4c387f86d1b4436f86abb37ee060fd7a,64,point,0.4693560414016247,0.5434528319165111,0.3831002942472042,0.3687947243192923,10,8,126.31845259666443
4c387f86d1b4436f86abb37ee060fd7a,64,matte,0.6324734969995915,0.6973605608567596,0.36441257430328017,0.3527538654935464,10,9,126.31845259666443
4ca574ac76344394b73acde0ef7b9bf4,65,normal,0.19269090784447535,0.2739861783172403,0.21582506668971793,0.27379853924648795,7,6,114.20935034751892
4ca574ac76344394b73acde0ef7b9bf4,65,point,0.14202736863600357,0.19585623632052115,0.22060722805414734,0.27548632140503315,7,4,114.20935034751892
4ca574ac76344394b73acde0ef7b9bf4,65,matte,0.19235791199441468,0.2737227449459689,0.2152409049262254,0.27332323188640223,7,6,114.20935034751892
4d33f78f60a245e0b4cf812637509e9a,66,normal,0.44332800580175696,0.497650134813739,0.39406253012378045,0.4288828964662804,9,8,100.68764901161194
4d33f78f60a245e0b4cf812637509e9a,66,point,0.11043825542138722,0.17137988747627889,0.1441719591661667,0.21291728521298456,9,4,100.68764901161194
4d33f78f60a245e0b4cf812637509e9a,66,matte,0.43913135062757647,0.49215179452666136,0.3998408641088435,0.42790495718004207,9,9,100.68764901161194
4d350186abc74076ae0c7d91d04a78fa,67,normal,0.7612375617027283,0.8589056531588236,0.12359390364522155,0.07887881304233599,3,7,105.05991411209106
4d350186abc74076ae0c7d91d04a78fa,67,point,0.3208329479287689,0.35330925687837106,0.4132804831594242,0.4238862316600354,3,7,105.05991411209106
4d350186abc74076ae0c7d91d04a78fa,67,matte,0.8250428040822347,0.9008752306302389,0.09784370913104094,0.060823317947857725,3,7,105.05991411209106
4f9391e9db8b453ea08c7c0109077d17,68,normal,0.7539497974794358,0.775955238705501,0.3794375137949634,0.38784759184672685,5,10,112.93646931648254
4f9391e9db8b453ea08c7c0109077d17,68,point,0.6397175648715347,0.700032140314579,0.3614383119292456,0.3687123671209673,5,11,112.93646931648254
4f9391e9db8b453ea08c7c0109077d17,68,matte,0.670878765929956,0.7280543866800144,0.3438409801370052,0.3662891034514651,5,8,112.93646931648254
4ff841231d7d4c54ac917e63c678c9fc,69,normal,0.4833834300266062,0.49158288706348685,0.483412496181254,0.49145167322559613,4,8,96.23580837249756
4ff841231d7d4c54ac917e63c678c9fc,69,point,0.47932250863141235,0.4904603763952764,0.47837545530195724,0.4874278119870892,4,12,96.23580837249756
4ff841231d7d4c54ac917e63c678c9fc,69,matte,0.48476456105709076,0.49224330484867096,0.4848477224357396,0.49226507926372537,4,8,96.23580837249756
53d9d21ff95f42428225f906cd9a0a5a,70,normal,0.43342647330560297,0.509386365799318,0.3647945315549684,0.3784369888027923,11,10,127.10362195968628
53d9d21ff95f42428225f906cd9a0a5a,70,point,0.30189394622125704,0.35071523290323303,0.3817585449339476,0.3888377812988922,11,7,127.10362195968628
53d9d21ff95f42428225f906cd9a0a5a,70,matte,0.3465352550053715,0.42815252480266447,0.32528953527924687,0.3612616120666588,11,7,127.10362195968628
554899583c654f3e84ba4b4263b4bb94,71,normal,0.11285141180754484,0.16661981052554134,0.17482627239611967,0.23125248337850163,12,7,128.36578750610352
554899583c654f3e84ba4b4263b4bb94,71,point,0.09609667432262843,0.13076038126988956,0.19449039686280786,0.25192759204199183,12,6,128.36578750610352
554899583c654f3e84ba4b4263b4bb94,71,matte,0.1990483557134818,0.24983431204479226,0.30142541412996676,0.33183874485810894,12,8,128.36578750610352
55fcb4c56c9345e0bb18738061aeb7a1,72,normal,0.18679315294139087,0.2813282855786383,0.17067801876710598,0.23362340650497557,4,2,100.30283451080322
55fcb4c56c9345e0bb18738061aeb7a1,72,point,0.19063357915729284,0.2857652590610087,0.1738267644038973,0.23702354307501386,4,2,100.30283451080322
55fcb4c56c9345e0bb18738061aeb7a1,72,matte,0.1907622879371047,0.28550822101533413,0.17511221980095404,0.23830440583099677,4,2,100.30283451080322
5700259eeb494b8f8a0b8f63486c59cc,73,normal,0.18703899764093673,0.22475031403721207,0.3087310161894888,0.3486540576630874,9,6,129.92062830924988
5700259eeb494b8f8a0b8f63486c59cc,73,point,0.04853414468622456,0.08862721521614327,0.04837795804622681,0.08557750468280413,9,2,129.92062830924988
5700259eeb494b8f8a0b8f63486c59cc,73,matte,0.22017396650173598,0.2888713320199814,0.27299493464366636,0.3243021809147463,9,6,129.92062830924988
58685e436e6242c188b95fcc2ba7c1d3,74,normal,0.27594343076149624,0.32974208891391754,0.34427747575817513,0.3815312282191692,3,2,99.55563569068909
58685e436e6242c188b95fcc2ba7c1d3,74,point,0.33247188895666113,0.3649462495116798,0.42072793551391735,0.4253901363131966,3,2,99.55563569068909
58685e436e6242c188b95fcc2ba7c1d3,74,matte,0.3278680021564166,0.3594244495034218,0.41931657145319173,0.42621541211395414,3,2,99.55563569068909
5ae22f04776a4a06997eb427eafcb07c,75,normal,0.31298117322148755,0.40894548274809495,0.27997673965473635,0.32358322219882957,8,12,125.91311550140381
5ae22f04776a4a06997eb427eafcb07c,75,point,0.1764168549561873,0.27239700639620423,0.1567742658105003,0.20867628695087467,8,4,125.91311550140381
5ae22f04776a4a06997eb427eafcb07c,75,matte,0.2054566759543377,0.2803896288241958,0.2451532545172683,0.30078077222820476,8,8,125.91311550140381
5c3ec179b3fb4fb1b006ff935d5dfb77,76,normal,0.2039711624652577,0.25172154057285157,0.3076562937584978,0.3464279827427568,13,4,121.09077310562134
5c3ec179b3fb4fb1b006ff935d5dfb77,76,point,0.23950077921528226,0.3009110861726535,0.3153148632391431,0.340949214826604,13,7,121.09077310562134
5c3ec179b3fb4fb1b006ff935d5dfb77,76,matte,0.43666795624728993,0.5301823744778701,0.3289266884015843,0.3457721710016909,13,9,121.09077310562134
5c670e2d8c014a35be0710652e87473a,77,normal,0.33049223124980925,0.44569777846336367,0.27612831173342234,0.246259676097525,5,5,104.00729036331177
5c670e2d8c014a35be0710652e87473a,77,point,0.19437055587768554,0.32533603310585024,0.010975688962257,0.015428077129461096,5,12,104.00729036331177
5c670e2d8c014a35be0710652e87473a,77,matte,0.3249101221561432,0.4421840786933899,0.2659425037810381,0.24056376733037735,5,8,104.00729036331177
5c729845f27e4f359d31521c69dc60e3,78,normal,0.47544379817554727,0.5471585029736161,0.37821295546756845,0.3843564558197477,4,6,108.80796480178833
5c729845f27e4f359d31521c69dc60e3,78,point,0.23877517364599044,0.2505647770012729,0.4035800407241606,0.414197015166164,4,4,108.80796480178833
5c729845f27e4f359d31521c69dc60e3,78,matte,0.4771259962581098,0.549133500084281,0.37953874379422875,0.38189473193067713,4,6,108.80796480178833
5eba9c3b53294dc08605c801f8152bbe,79,normal,0.2898108761291951,0.3524492857977748,0.3475405121622348,0.36426588226205475,8,14,136.33129978179932
5eba9c3b53294dc08605c801f8152bbe,79,point,0.3341590020863805,0.3917209182982333,0.37138061904428393,0.3938570782766368,8,11,136.33129978179932
5eba9c3b53294dc08605c801f8152bbe,79,matte,0.2995675082559046,0.365512711416244,0.33278933424907253,0.3741100396670352,8,14,136.33129978179932
5f1e1e7148424a6bae25b5138ba0088e,80,normal,0.18016810731993055,0.2083574863865435,0.3213061755304895,0.3586141245220663,19,11,123.41645336151123
5f1e1e7148424a6bae25b5138ba0088e,80,point,0.19857587952293743,0.2047459386680394,0.3839543399590374,0.39523823452807133,19,8,123.41645336151123
5f1e1e7148424a6bae25b5138ba0088e,80,matte,0.1455332509327778,0.18171317580057994,0.276487782013002,0.30250514793220407,19,8,123.41645336151123
5fad3a288517425e96b5cc4a86ebfb46,81,normal,0.3421995479729958,0.45012495273840614,0.26877049571808115,0.3043217479581566,4,10,107.33627939224243
5fad3a288517425e96b5cc4a86ebfb46,81,point,0.08557651306819025,0.12767098638778407,0.14779591330687417,0.22027951119239275,4,6,107.33627939224243
5fad3a288517425e96b5cc4a86ebfb46,81,matte,0.42868886317592114,0.5351105185691267,0.2859442458460343,0.3283523205563627,4,13,107.33627939224243
5fb5b1704b464f5c94b667f1b630bb39,82,normal,0.6596826296299696,0.7211743280291557,0.35086286332040767,0.3532964825462483,5,7,107.25170874595642
5fb5b1704b464f5c94b667f1b630bb39,82,point,0.31205098051577806,0.4314067978411913,0.21366217302082677,0.2729106349959033,5,4,107.25170874595642
5fb5b1704b464f5c94b667f1b630bb39,82,matte,0.7017920397222042,0.7446787647902966,0.37580744055206644,0.36692349657572176,5,7,107.25170874595642
611b64ba5c9f427aba7b20a8f4220a27,83,normal,0.37675497928508916,0.4789880297343748,0.3008451915478544,0.3187161567274399,13,8,144.46519446372986
611b64ba5c9f427aba7b20a8f4220a27,83,point,0.22147856549851824,0.299682736221327,0.25914894530314975,0.3003029347746719,13,6,144.46519446372986
611b64ba5c9f427aba7b20a8f4220a27,83,matte,0.37628018080098313,0.4778218509602014,0.30235262660627166,0.3200905291465842,13,9,144.46519446372986
614459e9cdfb4a06abbf2d6ac962a08a,84,normal,0.1744854089005717,0.21962456963956356,0.28951846358900224,0.31743623558994366,7,4,133.1775186061859
614459e9cdfb4a06abbf2d6ac962a08a,84,point,0.17850436769159778,0.21923526921974762,0.3060474306484723,0.3255037832518274,7,6,133.1775186061859
614459e9cdfb4a06abbf2d6ac962a08a,84,matte,0.17898436582514218,0.2198598656271185,0.30626764959807135,0.32567288459319926,7,4,133.1775186061859
63536adbd96147a8869ee36d7f6cfd92,85,normal,0.5705994634724144,0.6185703088510005,0.4132305079781222,0.41422047004028323,12,10,129.17647910118103
63536adbd96147a8869ee36d7f6cfd92,85,point,0.2737195581188037,0.30351431784947636,0.3953672342555812,0.40937992753355484,12,7,129.17647910118103
63536adbd96147a8869ee36d7f6cfd92,85,matte,0.49191315464971314,0.5366795605999263,0.4256442671063215,0.4338486799361212,12,9,129.17647910118103
63695230beb44ae68650bdd4d914917f,86,normal,0.08874068406876176,0.13225688952952624,0.16611503369052336,0.20328068798615595,20,5,127.96712636947632
63695230beb44ae68650bdd4d914917f,86,point,0.13181452562566848,0.18380464534275234,0.21746147732623086,0.2583088910757484,20,5,127.96712636947632
63695230beb44ae68650bdd4d914917f,86,matte,0.09132231243420393,0.13439176687970758,0.17390753374771467,0.208860849663641,20,5,127.96712636947632
6499bf2bcc024d419bd23f4d2eb332ce,87,normal,0.15426859370199963,0.17797047204138444,0.31329106512294824,0.3314635232014993,7,7,131.02029418945312
6499bf2bcc024d419bd23f4d2eb332ce,87,point,0.1494840214561139,0.19504293307129825,0.26064244383405505,0.2882991175894492,7,6,131.02029418945312
6499bf2bcc024d419bd23f4d2eb332ce,87,matte,0.23581987276806363,0.2617353183720427,0.37196291196762576,0.3999442247094261,7,8,131.02029418945312
649dd4c47d6d4dd099e518d6393e7c5b,88,normal,0.4085314997604915,0.5127209084374564,0.2849625676995235,0.3372070734634475,7,8,119.8641448020935
649dd4c47d6d4dd099e518d6393e7c5b,88,point,0.2296820986037866,0.3247306431949255,0.20841966189311337,0.2888889885526697,7,8,119.8641448020935
649dd4c47d6d4dd099e518d6393e7c5b,88,matte,0.4155633747577667,0.516271574156625,0.2977341675447257,0.342646222138648,7,10,119.8641448020935
6568e5d622254ccdba3503288faed773,89,normal,0.4959823489189148,0.49798306822776794,0.4959823489189148,0.49798306822776794,2,2,102.94492745399475
6568e5d622254ccdba3503288faed773,89,point,0.491901188128395,0.49642682884586975,0.4912177035876084,0.4950607934151776,2,2,102.94492745399475
6568e5d622254ccdba3503288faed773,89,matte,0.4869060483761132,0.4948828665073961,0.4848592313937843,0.4907975944224745,2,2,102.94492745399475
65c6ffa083c6496eb84a0aa3c48d63ad,90,normal,0.2872823619109113,0.4134529412840493,0.17435329480911738,0.24386916101418335,8,16,126.23643255233765
65c6ffa083c6496eb84a0aa3c48d63ad,90,point,0.12733734503854066,0.17571470001712441,0.21476693446925557,0.26609450959091735,8,3,126.23643255233765
65c6ffa083c6496eb84a0aa3c48d63ad,90,matte,0.25885291869053617,0.33894452755339444,0.2674782412427639,0.3414543161847643,8,11,126.23643255233765
66e6c396a23a446ebb0973de52181e94,91,normal,0.3152668949388455,0.36339667774293394,0.3909062016915765,0.39366247534968934,21,14,131.42909121513367
66e6c396a23a446ebb0973de52181e94,91,point,0.30264087659972055,0.3579819082764776,0.37735256888629665,0.3717752109542613,21,16,131.42909121513367
66e6c396a23a446ebb0973de52181e94,91,matte,0.33018039439394625,0.37576020696932183,0.40352916899765545,0.4009420010858738,21,15,131.42909121513367
670f26a742f748b6b7542e7730f9803a,92,normal,0.9261997118592262,0.9529832080006599,0.15840083415019354,0.10582998779824233,8,12,136.6821780204773
670f26a742f748b6b7542e7730f9803a,92,point,0.9575608149170876,0.977381706237793,0.05737806256841353,0.032026591535090056,8,12,136.6821780204773
670f26a742f748b6b7542e7730f9803a,92,matte,0.9164287708699703,0.9462323263287544,0.16839102484188198,0.11562820191814235,8,12,136.6821780204773
674e65a1f526461781e59ec49e7200bc,93,normal,0.28992789637829575,0.3822181932628155,0.2723234832028577,0.31965122785441025,7,5,126.55887985229492
674e65a1f526461781e59ec49e7200bc,93,point,0.1161924536739077,0.17964425310492516,0.15545940675271716,0.20583052461508106,7,3,126.55887985229492
674e65a1f526461781e59ec49e7200bc,93,matte,0.11757880635559559,0.1811708158680371,0.15794436545619703,0.2077905430670145,7,4,126.55887985229492
67e2e51a2c87480a999293f3c554d61d,94,normal,0.5455136876553297,0.6328117996454239,0.35342592386556404,0.32309984004778924,4,8,116.47466492652893
67e2e51a2c87480a999293f3c554d61d,94,point,0.9510778337717056,0.9741492420434952,0.052942662185379255,0.0286119682483817,4,8,116.47466492652893
67e2e51a2c87480a999293f3c554d61d,94,matte,0.9364455491304398,0.9663337469100952,0.055184860958492885,0.029692729663338125,4,6,116.47466492652893
687e47474eb84ef285b1df164e0788fb,95,normal,0.17697260745626409,0.21052474172029179,0.31482405504500105,0.34041631689313506,16,4,120.54697060585022
687e47474eb84ef285b1df164e0788fb,95,point,0.13876819935103413,0.17272893569315784,0.2781320442240217,0.2923657673730545,16,6,120.54697060585022
687e47474eb84ef285b1df164e0788fb,95,matte,0.17036640255378188,0.18493808211087526,0.34355861077637184,0.36206708203306615,16,4,120.54697060585022
68834dab6d6c46bb8fb7ca4d5c218b67,96,normal,0.3995093107223511,0.4666050374507904,0.36503803730010986,0.39995983242988586,2,11,113.28074336051941
68834dab6d6c46bb8fb7ca4d5c218b67,96,point,0.38249444869870786,0.4337247716030106,0.3820514092076337,0.4328390849987045,2,3,113.28074336051941
68834dab6d6c46bb8fb7ca4d5c218b67,96,matte,0.5004824977368116,0.5204794313758612,0.47234690375626087,0.46574814058840275,2,5,113.28074336051941
6a834c1320c245ac87d16784683aeeec,97,normal,0.046131247454064175,0.08392996237509781,0.05027419591162352,0.08877003010501795,9,3,114.30691981315613
6a834c1320c245ac87d16784683aeeec,97,point,0.05592002766469603,0.09760939316402073,0.07278753463576697,0.12073057352049009,9,7,114.30691981315613
6a834c1320c245ac87d16784683aeeec,97,matte,0.04230236283102487,0.07396973179937857,0.06710720800405001,0.11197068681506339,9,5,114.30691981315613
6ea331125ac747c1b8640dc80d90d4cd,98,normal,0.11271258727468264,0.15022421203768596,0.21206058613699114,0.27553915946774493,13,10,138.2735869884491
6ea331125ac747c1b8640dc80d90d4cd,98,point,0.17612784932582423,0.2237982851668046,0.27750936469723897,0.3228139536721245,13,9,138.2735869884491
6ea331125ac747c1b8640dc80d90d4cd,98,matte,0.106199317496458,0.14339707371590732,0.20157953766248535,0.2674364402989108,13,6,138.2735869884491
70cae8050a1c4d3abd6681ba892a9a44,99,normal,0.19649865985099627,0.22197976509466702,0.34919754913610934,0.3693219650979879,7,6,138.9349331855774
70cae8050a1c4d3abd6681ba892a9a44,99,point,0.3355346050645624,0.432985004569803,0.3100318877488763,0.3043988137164181,7,8,138.9349331855774
70cae8050a1c4d3abd6681ba892a9a44,99,matte,0.19208879111725505,0.21750599766424525,0.3462004633693991,0.3652348952495388,7,8,138.9349331855774
71daf747a9b54b9299cc495533141eb5,100,normal,0.5698692396283149,0.6329577669501305,0.38632360347268757,0.379128965601313,5,9,99.60610246658325
71daf747a9b54b9299cc495533141eb5,100,point,0.38248441480100154,0.4896300360560417,0.2847632188881888,0.31375866237314326,5,6,99.60610246658325
71daf747a9b54b9299cc495533141eb5,100,matte,0.5697010338306427,0.6322056844830513,0.38921364261775027,0.3791549946402591,5,7,99.60610246658325
727370d6df3e47bfabc30ac1b10fb445,101,normal,0.2921397426327985,0.38679401965600846,0.2624921305656591,0.3232687617504878,4,4,103.86126852035522
727370d6df3e47bfabc30ac1b10fb445,101,point,0.2927300129849755,0.38716189573096926,0.2636454464380106,0.323759853061647,4,3,103.86126852035522
727370d6df3e47bfabc30ac1b10fb445,101,matte,0.293254117439119,0.38811408155743266,0.26239873890648696,0.32362363540344,4,4,103.86126852035522
73fc1424ee9c4dd9bee17702aab2b7b3,102,normal,0.3979035561904311,0.4119135793298483,0.4692282923688328,0.46891039715882304,5,7,127.68044900894165
73fc1424ee9c4dd9bee17702aab2b7b3,102,point,0.4031939554493874,0.409666435001418,0.48266038461658467,0.4797475812649635,5,6,127.68044900894165
73fc1424ee9c4dd9bee17702aab2b7b3,102,matte,0.39842160828411577,0.41426328886300323,0.466788520600883,0.46611237590131704,5,7,127.68044900894165
74c05ea2f5d64357a75e4ecafb9570f9,103,normal,0.43276067031547427,0.5501390965655446,0.28260296307496185,0.27941005579345873,8,10,109.50492477416992
74c05ea2f5d64357a75e4ecafb9570f9,103,point,0.17958876028478699,0.2602595075404679,0.19513549644268657,0.2682204093037435,8,5,109.50492477416992
74c05ea2f5d64357a75e4ecafb9570f9,103,matte,0.450686983182095,0.4936023922637105,0.423165035196797,0.4391534240230476,8,9,109.50492477416992
77d56cc994f94d8280c38009688e7413,104,normal,0.42753678653389215,0.5084345657378435,0.3605547327785706,0.3610314396531125,4,6,116.08698153495789
77d56cc994f94d8280c38009688e7413,104,point,0.38835305179236457,0.43527609936427325,0.39993042618752433,0.43387524168375213,4,4,116.08698153495789
77d56cc994f94d8280c38009688e7413,104,matte,0.4873652532696724,0.5994707718491554,0.3063857332301727,0.27280596063343754,4,10,116.08698153495789
78a7c30405f64b0f8137c3922c1464a0,105,normal,0.2675293207168579,0.31915180683135985,0.3647955493231385,0.3626753186910659,5,4,92.5281994342804
78a7c30405f64b0f8137c3922c1464a0,105,point,0.2670881301164627,0.31945722699165346,0.3627047485627875,0.3616517717180863,5,5,92.5281994342804
78a7c30405f64b0f8137c3922c1464a0,105,matte,0.254414564371109,0.30980792045593264,0.34513942240910456,0.352680450343794,5,4,92.5281994342804
78c7c67eae00428b9bc50c288776c75b,106,normal,0.21133136881801945,0.2506975163705647,0.34110610947323894,0.35403202804786554,13,7,125.99978113174438
78c7c67eae00428b9bc50c288776c75b,106,point,0.20802902476897053,0.2451054199401859,0.3410010548498834,0.355180891002958,13,8,125.99978113174438
78c7c67eae00428b9bc50c288776c75b,106,matte,0.22720704976437936,0.27100681668134013,0.3442688111828314,0.3584555126924348,13,10,125.99978113174438
7b15e31faa7141329dad5f83089f678a,107,normal,0.3260589245250003,0.37115660498435926,0.39242736998657185,0.4095599258548656,9,7,123.123539686203
7b15e31faa7141329dad5f83089f678a,107,point,0.3068463124376548,0.37973569474229407,0.32930538383899727,0.3605384085769698,9,5,123.123539686203
7b15e31faa7141329dad5f83089f678a,107,matte,0.35014392430799846,0.394019779107263,0.4099652937731087,0.4126021654716854,9,8,123.123539686203
7b7b140d42cf447d87ab5e1ef407d9ae,108,normal,0.3129102624952793,0.3762816786766052,0.3417636031503167,0.3901087525080532,8,8,98.35481786727905
7b7b140d42cf447d87ab5e1ef407d9ae,108,point,0.25886083068326116,0.3565451940521598,0.24085954458206282,0.2883262769124332,8,9,98.35481786727905
7b7b140d42cf447d87ab5e1ef407d9ae,108,matte,0.3660240062599769,0.45463342779839877,0.3154551394106167,0.35772595136681634,8,9,98.35481786727905
7c6ac3a8aa4b472fbc31ed8cf50703d2,109,normal,0.5589336250365401,0.6404798668033133,0.35463951165007257,0.34434960461247033,6,13,117.09363722801208
7c6ac3a8aa4b472fbc31ed8cf50703d2,109,point,0.696255827943484,0.7959754367669424,0.23591084972710705,0.18081079222293778,6,13,117.09363722801208
7c6ac3a8aa4b472fbc31ed8cf50703d2,109,matte,0.6699362059783501,0.7300099924517175,0.35401617762909315,0.34823232869152543,6,14,117.09363722801208
7c8bd48528554b3da47f2510287d78b4,110,normal,0.33154729078523815,0.34459558113788563,0.4514021970608367,0.4525410591369765,6,6,131.63126063346863
7c8bd48528554b3da47f2510287d78b4,110,point,0.3302161627604316,0.34350614591191214,0.4500241364020948,0.45221388004710256,6,6,131.63126063346863
7c8bd48528554b3da47f2510287d78b4,110,matte,0.35301985250165063,0.3866871011753877,0.4335646500495303,0.4219069624285313,6,9,131.63126063346863
7fa9a73e4fc4477d82c8d3dadeb72c65,111,normal,0.2959787097934168,0.313775133768407,0.4182411864322479,0.4430733775686611,3,5,111.44916915893555
7fa9a73e4fc4477d82c8d3dadeb72c65,111,point,0.0004944914744555717,0.0009881335511939444,0.0004249394210443758,0.0008489200344304925,3,6,111.44916915893555
7fa9a73e4fc4477d82c8d3dadeb72c65,111,matte,0.22057391848647967,0.265922817159056,0.31119518910588473,0.3745861589541303,3,7,111.44916915893555
8208ec4c0f204a0f96f41fb4154264ce,112,normal,0.5311863869428635,0.6700757257640362,0.21581514668966303,0.16927467516274192,8,18,114.77082991600037
8208ec4c0f204a0f96f41fb4154264ce,112,point,0.5951827180401779,0.6661392137225448,0.36466773019149723,0.353894561086152,8,12,114.77082991600037
8208ec4c0f204a0f96f41fb4154264ce,112,matte,0.5154373906552792,0.6325284615159035,0.27047850000598017,0.27592239941340846,8,19,114.77082991600037
844fc9a82f46421c9f10804bd8055212,113,normal,0.28788664216408505,0.3418762925546616,0.35999177958803036,0.3787779260634811,10,7,120.336918592453
844fc9a82f46421c9f10804bd8055212,113,point,0.08800272634252906,0.11620595585554838,0.20365030718048927,0.24467161723837544,10,3,120.336918592453
844fc9a82f46421c9f10804bd8055212,113,matte,0.2578007511794567,0.300971283018589,0.35596527995684857,0.3873073793728535,10,5,120.336918592453
84c69258a64f421080b44ed49650da52,114,normal,0.3210422987709275,0.40802522307837663,0.2887131881215891,0.35865906991372404,7,14,119.7836606502533
84c69258a64f421080b44ed49650da52,114,point,0.038760515195982795,0.06825800027166094,0.06130166440803789,0.1079470992938713,7,3,119.7836606502533
84c69258a64f421080b44ed49650da52,114,matte,0.4220235889661126,0.4998676070244983,0.3499468585865675,0.3837546401387026,7,14,119.7836606502533
8512669067e448a9b1d3fb78bf0c61c6,115,normal,0.3109356311078255,0.37151243910193443,0.36741968542460035,0.36942386562106955,13,7,136.92246317863464
8512669067e448a9b1d3fb78bf0c61c6,115,point,0.3537132953418992,0.4047625380872677,0.39270002585424746,0.41169060927901874,13,7,136.92246317863464
8512669067e448a9b1d3fb78bf0c61c6,115,matte,0.23592175496042517,0.2811693164633023,0.33636101726110984,0.37443309791642904,13,8,136.92246317863464
854b37afca0c44c9a0302b879a95bfca,116,normal,0.5185779021470808,0.5882645275152754,0.3652996018982831,0.3972862541603655,10,13,134.03014969825745
854b37afca0c44c9a0302b879a95bfca,116,point,0.3855442733503878,0.468599290959537,0.3467983924442433,0.35298476207222157,10,9,134.03014969825745
854b37afca0c44c9a0302b879a95bfca,116,matte,0.46822503317380326,0.5235605192952789,0.3913304128136572,0.4305771493830119,10,11,134.03014969825745
85f745f8fab74184a66cabd3aa1edbee,117,normal,0.1507242694630501,0.20284633180926903,0.2302179072762303,0.2976131268579141,12,5,130.0938229560852
85f745f8fab74184a66cabd3aa1edbee,117,point,0.09570208208363813,0.12727162069859332,0.21449779271381217,0.24401447714320704,12,3,130.0938229560852
85f745f8fab74184a66cabd3aa1edbee,117,matte,0.15048759047567728,0.20600400726349713,0.22275260624086599,0.2893893643175336,12,8,130.0938229560852
86670b8918b3487092e86a60ab5b641c,118,normal,0.4979902794584632,0.5019124199170619,0.4940696069970727,0.49410169827751815,2,5,99.29840087890625
86670b8918b3487092e86a60ab5b641c,118,point,0.49697027495130897,0.5015836944803596,0.4927982301451266,0.49327427241951227,2,5,99.29840087890625
86670b8918b3487092e86a60ab5b641c,118,matte,0.4961958129424602,0.5010879128240049,0.49216483044438064,0.493058315012604,2,6,99.29840087890625
8730f3aafc784a849de8e9f2d9c707f8,119,normal,0.33732261060504243,0.4018344659773654,0.35104442562373545,0.3934317821652885,11,13,150.7954785823822
8730f3aafc784a849de8e9f2d9c707f8,119,point,0.33388348984193394,0.3974875602447851,0.34926677004062845,0.3956561443263788,11,16,150.7954785823822
8730f3aafc784a849de8e9f2d9c707f8,119,matte,0.32065837261325214,0.37491126427829097,0.3578148291771562,0.41040346186550053,11,14,150.7954785823822
87ae2a99547f4240a15f7fe30e9a7122,120,normal,0.4325429019712222,0.4613660035344462,0.4458105488329243,0.46076661453474016,6,7,122.39435529708862
87ae2a99547f4240a15f7fe30e9a7122,120,point,0.32182427339375863,0.40370332326529024,0.3167149420568624,0.35177864205680903,6,5,122.39435529708862
87ae2a99547f4240a15f7fe30e9a7122,120,matte,0.42667831789003685,0.4561185611334319,0.4437463103709466,0.45968026478145585,6,9,122.39435529708862
891c88fa5ed0452aa5e77e2e98a00531,121,normal,0.5083376063893621,0.5813867643188971,0.36804519618300663,0.3844934594914236,13,12,136.68213057518005
891c88fa5ed0452aa5e77e2e98a00531,121,point,0.34711775513222587,0.46704357776504296,0.24345633073170742,0.2707986132526814,13,11,136.68213057518005
891c88fa5ed0452aa5e77e2e98a00531,121,matte,0.4717092176612753,0.5373290004925086,0.3866234401839631,0.398430955398496,13,12,136.68213057518005
8a5c0fd0d4bc45128f3ee5c65a32e54f,122,normal,0.3974393292640646,0.45037743387122947,0.4156815666778535,0.4021624922705911,3,4,104.56513833999634
8a5c0fd0d4bc45128f3ee5c65a32e54f,122,point,0.32251762102047604,0.34809027053415775,0.4259451907275168,0.43364472937867293,3,3,104.56513833999634
8a5c0fd0d4bc45128f3ee5c65a32e54f,122,matte,0.3808077514792482,0.4297198249648015,0.4175496536868331,0.4058813828216142,3,4,104.56513833999634
8b8e14ddf5104c579a6dd100ff8c0bdb,123,normal,0.2751214695473512,0.33751857168972493,0.33783254397781487,0.35776427412805484,15,7,123.59497451782227
8b8e14ddf5104c579a6dd100ff8c0bdb,123,point,0.2590019052285546,0.3100516592074806,0.3413306920271812,0.3783104932968221,15,7,123.59497451782227
8b8e14ddf5104c579a6dd100ff8c0bdb,123,matte,0.31828609184206774,0.3579254290127816,0.39606724896336337,0.4188248857532594,15,7,123.59497451782227
8ca1867c11bb48a39eb2aca203beb70b,124,normal,0.16235593944189272,0.18465615496305482,0.3334031795014587,0.3307168410461247,14,7,119.24706506729126
8ca1867c11bb48a39eb2aca203beb70b,124,point,0.16170798241260595,0.18298237551269786,0.33455378407824443,0.3318981381280483,14,6,119.24706506729126
8ca1867c11bb48a39eb2aca203beb70b,124,matte,0.21780659181864134,0.24488466146535107,0.3688631509636291,0.3731929781438283,14,9,119.24706506729126
8d3d39516f7b40d5aa19e85226940899,125,normal,0.38247603703556315,0.4267717618495226,0.41691329252781434,0.42467323295809273,7,11,123.8537847995758
8d3d39516f7b40d5aa19e85226940899,125,point,0.2838531893399444,0.36265336946650806,0.32011451302083915,0.32504781419216644,7,6,123.8537847995758
8d3d39516f7b40d5aa19e85226940899,125,matte,0.3806768541502866,0.42640897460140487,0.4133875570206019,0.42262107570740615,7,9,123.8537847995758
8d4357a4152e421884823d3c2d3da14a,126,normal,0.4270806039835756,0.46779227333788115,0.4232410954561836,0.4448094091135829,13,10,138.47775983810425
8d4357a4152e421884823d3c2d3da14a,126,point,0.4461988417001871,0.4789557090172401,0.4416796653554263,0.4559110287559917,13,10,138.47775983810425
8d4357a4152e421884823d3c2d3da14a,126,matte,0.36226383539346546,0.39759992636167085,0.4178834885873966,0.44124486393944823,13,9,138.47775983810425
8da95b178bc641d892f296e42c0ed8a0,127,normal,0.40182988646249995,0.4642643294875078,0.3778241760399306,0.4094412233639193,14,22,111.94421076774597
8da95b178bc641d892f296e42c0ed8a0,127,point,0.38669402112412044,0.4523904325438447,0.3630816987602296,0.4059280679568227,14,21,111.94421076774597
8da95b178bc641d892f296e42c0ed8a0,127,matte,0.37833329254837217,0.4395161957727396,0.3787366235853952,0.40494298480344876,14,32,111.94421076774597
8ec56d0baa8f492da805fcf2ea98de4b,128,normal,0.5225709436228498,0.563253280473873,0.42581417959534434,0.4423265689265971,5,6,106.33282256126404
8ec56d0baa8f492da805fcf2ea98de4b,128,point,0.7767680376768112,0.7970122292637825,0.37320027191408217,0.36834307717024933,5,9,106.33282256126404
8ec56d0baa8f492da805fcf2ea98de4b,128,matte,0.4566925040446222,0.5091230060905219,0.42043840153357465,0.41234340156803445,5,9,106.33282256126404
8eda5c8b64f64096b3995a08f6095644,129,normal,0.21445047964724445,0.26588192037473035,0.30720343109890025,0.34998258010136957,14,6,129.91827845573425
8eda5c8b64f64096b3995a08f6095644,129,point,0.10303216454485664,0.15158809661183373,0.16482306634593455,0.236149328276503,14,5,129.91827845573425
8eda5c8b64f64096b3995a08f6095644,129,matte,0.1956634544850593,0.22893906529394112,0.33134985914697396,0.3589784656688639,14,6,129.91827845573425
8fb088daf56f434c9595b2d1e01ba2ea,130,normal,0.8134249150753021,0.8687229709965842,0.25775981626331573,0.20080573809374852,7,11,117.81990313529968
8fb088daf56f434c9595b2d1e01ba2ea,130,point,0.5336251370608807,0.5921061379568917,0.4049041974179466,0.39461954649427466,7,10,117.81990313529968
8fb088daf56f434c9595b2d1e01ba2ea,130,matte,0.899604048047747,0.9423189844403949,0.12059404814398386,0.07613067383524089,7,11,117.81990313529968
9338271b6aea4de89bbe37d7bc0abcfe,131,normal,0.1125930379203055,0.17307806661119685,0.14626935490810286,0.22318222597222126,8,6,145.4633023738861
9338271b6aea4de89bbe37d7bc0abcfe,131,point,0.14179215660522004,0.2183213774745809,0.151415721820667,0.22715754111579411,8,11,145.4633023738861
9338271b6aea4de89bbe37d7bc0abcfe,131,matte,0.241689532995224,0.34314731881022453,0.20708964501602184,0.2791475093483388,8,9,145.4633023738861
94f6eb48b8fe44c69dba4ef04cea53b4,132,normal,0.01039687372976914,0.020504266070201994,0.006233374218181514,0.012240901113333093,5,3,99.41383337974548
94f6eb48b8fe44c69dba4ef04cea53b4,132,point,0.007312750790151768,0.014391215416253544,0.008104751597432873,0.015922362347280512,5,2,99.41383337974548
94f6eb48b8fe44c69dba4ef04cea53b4,132,matte,0.025014376686885952,0.048254599003121255,0.01726784991987921,0.032843370911121744,5,6,99.41383337974548
95364de582474cf3ab38ca4bae946652,133,normal,0.40067774057388306,0.571601003408432,0.026694118976593018,0.027222424745559692,2,10,111.28312301635742
95364de582474cf3ab38ca4bae946652,133,point,0.4642815962433815,0.6016144901514053,0.22332634776830673,0.21327613294124603,2,7,111.28312301635742
95364de582474cf3ab38ca4bae946652,133,matte,0.26078348234295845,0.38446883857250214,0.16954807564616203,0.2172539383172989,2,9,111.28312301635742
963c5f8b81c045fcab90387bf3aa5143,134,normal,0.6587270498275757,0.7469176054000854,0.32239800691604614,0.2435550093650818,2,13,107.28289365768433
963c5f8b81c045fcab90387bf3aa5143,134,point,0.9937808513641357,0.9968797862529755,0.0019354820251464844,0.0009737908840179443,2,6,107.28289365768433
963c5f8b81c045fcab90387bf3aa5143,134,matte,0.8902426064014435,0.9392264485359192,0.09551164507865906,0.05359959602355957,2,8,107.28289365768433
97582e1d16f6471bac014081535c26ad,135,normal,0.3154671599675732,0.4084964027861133,0.28718487457172887,0.3331175008546467,11,12,118.59409141540527
97582e1d16f6471bac014081535c26ad,135,point,0.560584468618882,0.6229401667263698,0.38986265115413776,0.38826472869449374,11,13,118.59409141540527
97582e1d16f6471bac014081535c26ad,135,matte,0.46569554730244406,0.5492925166670996,0.34977426836782144,0.3677691498802223,11,16,118.59409141540527
98c26e7d386c466e982ec81e89d42b06,136,normal,0.09646743478846144,0.15947606995574792,0.1129225489198769,0.16101681678125698,11,4,117.1482150554657
98c26e7d386c466e982ec81e89d42b06,136,point,0.1573066338473423,0.23921251284297218,0.16808444240565779,0.2258324398082974,11,3,117.1482150554657
98c26e7d386c466e982ec81e89d42b06,136,matte,0.09329825464572589,0.15627047999508,0.10388860148588573,0.15236780928377913,11,5,117.1482150554657
9d6b66aba431493097f289a6e42f3614,137,normal,0.4320349074259866,0.47397570847533643,0.424076494710976,0.43952700774317877,4,7,142.36463952064514
9d6b66aba431493097f289a6e42f3614,137,point,0.26549682952463627,0.3563860133290291,0.2600326174800931,0.30984882871945735,4,4,142.36463952064514
9d6b66aba431493097f289a6e42f3614,137,matte,0.4309859629429411,0.4703650422161445,0.42715335650114467,0.4445657544182954,4,6,142.36463952064514
9e7856dd34ae444a934499782c5bd606,138,normal,0.27939321517312365,0.3270371378499216,0.36377893921303533,0.3900977146440525,7,8,115.13651204109192
9e7856dd34ae444a934499782c5bd606,138,point,0.3428095538568284,0.3849518369617207,0.3954925367351486,0.4285957730660557,7,8,115.13651204109192
9e7856dd34ae444a934499782c5bd606,138,matte,0.2658365795588387,0.3128147209728403,0.3579921485920302,0.3829954264024337,7,10,115.13651204109192
9f43d0ac857541e8a3a92e20ba284c44,139,normal,0.23573613273245947,0.28888507027711186,0.33043960330240896,0.3522864070033648,7,8,139.5269410610199
9f43d0ac857541e8a3a92e20ba284c44,139,point,0.44267767474177944,0.5196885947381296,0.36270843335379044,0.3794831556160146,7,9,139.5269410610199
9f43d0ac857541e8a3a92e20ba284c44,139,matte,0.22020842118321785,0.2757179515569338,0.30214591668679885,0.3484789651508512,7,11,139.5269410610199
a45db53fa2fc4e94955e59aed66aa0c3,140,normal,0.3771730901025876,0.43574350614411134,0.38950684213549314,0.4003964446885038,6,5,116.98623275756836
a45db53fa2fc4e94955e59aed66aa0c3,140,point,0.36298885139513004,0.4064640633429614,0.40539105920094437,0.4284869051156588,6,4,116.98623275756836
a45db53fa2fc4e94955e59aed66aa0c3,140,matte,0.4587373979544888,0.4844467056294282,0.45303281880196744,0.46620763531660364,6,7,116.98623275756836
a95c590e89444458b53a15190c7560c3,141,normal,0.15579530994783944,0.1610501737271149,0.35331327595910195,0.3553058734382604,13,6,151.5115509033203
a95c590e89444458b53a15190c7560c3,141,point,0.16501993877822174,0.17658345925379904,0.35117543025079606,0.35538361749055836,13,6,151.5115509033203
a95c590e89444458b53a15190c7560c3,141,matte,0.1401935403338694,0.1497918186467779,0.32376764699559224,0.3389165936179253,13,6,151.5115509033203
aa1a732d4fdc44e0a20cee312a929d77,142,normal,0.30351973095774837,0.34401676010045323,0.38982387242613753,0.4113359836213321,10,13,119.11082792282104
aa1a732d4fdc44e0a20cee312a929d77,142,point,0.27429121037503135,0.3093985515737586,0.3881252636178828,0.40041927407332145,10,7,119.11082792282104
aa1a732d4fdc44e0a20cee312a929d77,142,matte,0.31001077399923815,0.35713475736993133,0.38049238754124903,0.40415469842281443,10,11,119.11082792282104
ab9804f981184f8db6f1f814c2b8c169,143,normal,0.42541905905127353,0.49345125928521155,0.3633348067516143,0.4089690458083756,10,8,126.63714790344238
ab9804f981184f8db6f1f814c2b8c169,143,point,0.34983515702188017,0.4358348920941353,0.3244711977852126,0.3444803831126831,10,7,126.63714790344238
ab9804f981184f8db6f1f814c2b8c169,143,matte,0.3675529822881799,0.45189268708927555,0.32453221622504397,0.3656428842173848,10,9,126.63714790344238
abb0b5c646374beda83954fc2803d968,144,normal,0.5370707102119923,0.6016565536459287,0.38682655421060186,0.3913900706255757,6,8,122.82042002677917
abb0b5c646374beda83954fc2803d968,144,point,0.5832626680688312,0.6692940003995318,0.3294885882876347,0.3320117096633793,6,10,122.82042002677917
abb0b5c646374beda83954fc2803d968,144,matte,0.5202012938765014,0.5772307365526407,0.39637112629373755,0.41615366817561533,6,7,122.82042002677917
abdad363791d456786cdb511082d9d63,145,normal,0.7476999560991923,0.8311159279611375,0.24501324883156128,0.17551391971848565,9,17,107.19431376457214
abdad363791d456786cdb511082d9d63,145,point,0.6511125365893046,0.7514436774783664,0.2776479784044011,0.22298190927398823,9,20,107.19431376457214
abdad363791d456786cdb511082d9d63,145,matte,0.7251840531826019,0.817190514670478,0.2394942289212715,0.16950748129528764,9,16,107.19431376457214
b1d515a6cbe847ea91e2c5680b8fc67f,146,normal,0.2927705743069445,0.4105746913992334,0.21075382846381652,0.26321233714370107,14,15,126.74947762489319
b1d515a6cbe847ea91e2c5680b8fc67f,146,point,0.16500126317259856,0.206120308829538,0.2846327846205347,0.3210060591455634,14,7,126.74947762489319
b1d515a6cbe847ea91e2c5680b8fc67f,146,matte,0.1867009607480473,0.24437297066989622,0.25934100697411083,0.32361358086870057,14,11,126.74947762489319
b1f98b0e3d4446c1ba4ff9ba2660aff7,147,normal,0.43562746934023583,0.506979153620907,0.37060522914157307,0.3913396291901982,9,15,131.115003824234
b1f98b0e3d4446c1ba4ff9ba2660aff7,147,point,0.4645932354162344,0.5245859777270299,0.39808609117272353,0.40800916714376645,9,12,131.115003824234
b1f98b0e3d4446c1ba4ff9ba2660aff7,147,matte,0.3987099228090503,0.479640204174858,0.3462870141340408,0.37104820425467056,9,14,131.115003824234
b34bc2a0607846aaae8636a9bea7e43d,148,normal,0.42989995729242636,0.46173832715950475,0.4487570837623584,0.44602510192949885,7,8,122.08833575248718
b34bc2a0607846aaae8636a9bea7e43d,148,point,0.512827541945236,0.5675682350993156,0.42117342176751016,0.40154496110863963,7,7,122.08833575248718
b34bc2a0607846aaae8636a9bea7e43d,148,matte,0.3767641961541293,0.40667002528373686,0.43512364390293623,0.44760949690106877,7,8,122.08833575248718
b3a58da30f464dbba1c53c7f3cbedec9,149,normal,0.48614344642555807,0.4963067733988282,0.4817994525450538,0.48721983582835054,4,7,109.36197543144226
b3a58da30f464dbba1c53c7f3cbedec9,149,point,0.4597184447775362,0.47960325682652183,0.4591129696647711,0.47784737594999505,4,5,109.36197543144226
b3a58da30f464dbba1c53c7f3cbedec9,149,matte,0.48474226856342284,0.49373752366227563,0.4828516875149998,0.48966153190251177,4,7,109.36197543144226
b51e3cb5e548409f940eb38f8db551d2,150,normal,0.24567757623299258,0.3261903615202755,0.28761035869563484,0.3014360349707819,8,5,96.62597250938416
b51e3cb5e548409f940eb38f8db551d2,150,point,0.15343389310874045,0.23947191424667835,0.14877213124349925,0.2067211876959502,8,10,96.62597250938416
b51e3cb5e548409f940eb38f8db551d2,150,matte,0.24509801920430618,0.32543968773825327,0.287518328854403,0.30129677407940253,8,6,96.62597250938416
b5aa31a84cc746a982228827c5185ac3,151,normal,0.5925727149297018,0.6459370937518543,0.3980221712722916,0.3988822146982907,4,9,108.14039516448975
b5aa31a84cc746a982228827c5185ac3,151,point,0.5222157081298064,0.5947214271291159,0.37124388220729554,0.38084134461225794,4,6,108.14039516448975
b5aa31a84cc746a982228827c5185ac3,151,matte,0.5527255647830316,0.6234357209468726,0.3663050618661353,0.3811777182695191,4,8,108.14039516448975
b7ce14aa504e4bbfa7122c444150999f,152,normal,0.21344159281735692,0.2430882282694386,0.3458128251838863,0.38346678740979656,14,10,101.74626135826111
b7ce14aa504e4bbfa7122c444150999f,152,point,0.17252527098454656,0.19239324334479793,0.33452638332393303,0.35893022170316635,14,7,101.74626135826111
b7ce14aa504e4bbfa7122c444150999f,152,matte,0.17370082492249952,0.20049729656810605,0.32338567848125627,0.34887564841552776,14,6,101.74626135826111
b7fce3003d95479a9226f7cb639df893,153,normal,0.22972781331606842,0.29820216838561464,0.28142302893505766,0.33417151575162013,14,14,115.61459255218506
b7fce3003d95479a9226f7cb639df893,153,point,0.17501149496300578,0.23631323000050283,0.23980506800625917,0.3039703022263911,14,11,115.61459255218506
b7fce3003d95479a9226f7cb639df893,153,matte,0.22474848321410587,0.29460342840249204,0.27267084026466126,0.3292092064941632,14,16,115.61459255218506
b8915325eadc4f86af543daaf10702de,154,normal,0.5084682154702023,0.5321492082439363,0.4683001444178405,0.45788005461303644,4,9,134.0932891368866
b8915325eadc4f86af543daaf10702de,154,point,0.3783398144878447,0.4381997815798968,0.3915792468342774,0.39570647913824,4,5,134.0932891368866
b8915325eadc4f86af543daaf10702de,154,matte,0.5065778427524492,0.5274986466392875,0.4721311048462201,0.4629954309731096,4,7,134.0932891368866
b8c12a34914f41c18bc4d2c3a9710562,155,normal,0.3600978745021166,0.3691135342414782,0.4625454170826097,0.47169233160925944,8,10,122.62709546089172
b8c12a34914f41c18bc4d2c3a9710562,155,point,0.3819750768798258,0.3978278852555377,0.4639446009955789,0.46245415867736867,8,6,122.62709546089172
b8c12a34914f41c18bc4d2c3a9710562,155,matte,0.3767332580318907,0.39450207339177723,0.45882341966667395,0.45898532165399664,8,9,122.62709546089172
bd0b6595da8a420b86cd78ad905e1a13,156,normal,0.8185726851224899,0.8956193178892136,0.11579453473560464,0.0726339612921468,4,12,129.51692128181458
bd0b6595da8a420b86cd78ad905e1a13,156,point,0.5931204836815596,0.6747623234987259,0.34447359527272203,0.326770997877428,4,6,129.51692128181458
bd0b6595da8a420b86cd78ad905e1a13,156,matte,0.8862447887659073,0.9375120848417282,0.08540871058037894,0.0481514963444349,4,11,129.51692128181458
c209c30d7a1843918ea5df1c61d594a5,157,normal,0.14780068158039025,0.211350969504565,0.20284660052202777,0.26323943862720794,7,15,108.48330497741699
c209c30d7a1843918ea5df1c61d594a5,157,point,0.10918082841609637,0.16120359552405716,0.1649634775061184,0.2398221566845607,7,11,108.48330497741699
c209c30d7a1843918ea5df1c61d594a5,157,matte,0.10705077541725976,0.16379357980830328,0.14952804785028923,0.21942838687207905,7,13,108.48330497741699
c54bbdec340e4c71966aa36f5a8219cd,158,normal,0.1486675963334654,0.21997758021909528,0.18186936312777408,0.24729476360371755,13,5,131.4825804233551
c54bbdec340e4c71966aa36f5a8219cd,158,point,0.16729634197103083,0.2009789241805825,0.3098825578017623,0.3245757361182264,13,4,131.4825804233551
c54bbdec340e4c71966aa36f5a8219cd,158,matte,0.23183252196954876,0.25911352504324614,0.376243750454955,0.38508810599800974,13,5,131.4825804233551
c93ee36deda14b4aa73c2b5a9d9e9c9f,159,normal,0.4843528512865305,0.5794903859496117,0.33219402398470027,0.33456049719054415,4,10,123.60634922981262
c93ee36deda14b4aa73c2b5a9d9e9c9f,159,point,0.549264460336417,0.6248575244098902,0.36166962301579525,0.36518368313139227,4,10,123.60634922981262
c93ee36deda14b4aa73c2b5a9d9e9c9f,159,matte,0.6259292811155319,0.7563333958387375,0.1715472502129013,0.12932425602522943,4,12,123.60634922981262
ca86a57984f948e1b5c46a20c09a6223,160,normal,0.17734042977515077,0.21748255505891784,0.303796719533146,0.32794985908522034,7,3,128.43003106117249
ca86a57984f948e1b5c46a20c09a6223,160,point,0.21107428374567203,0.2636956927765693,0.32003227953221297,0.3260730421298066,7,4,128.43003106117249
ca86a57984f948e1b5c46a20c09a6223,160,matte,0.17169533047958144,0.21039379640881503,0.30184960514192977,0.32395548913338734,7,4,128.43003106117249
cbafed33e2f7412c97ba3941c399b2df,161,normal,0.042499038248934085,0.06962250070015823,0.08778221272113686,0.1414625507681135,6,5,126.18215107917786
cbafed33e2f7412c97ba3941c399b2df,161,point,0.05680079577723518,0.0906719077223291,0.10745302303862896,0.1655610070429085,6,5,126.18215107917786
cbafed33e2f7412c97ba3941c399b2df,161,matte,1.8102916025479013e-07,3.6205794155345455e-07,4.047935082394139e-07,8.095861691071702e-07,6,3,126.18215107917786
cbb199ae1edf41c6898c997ae785c4db,162,normal,0.20721578350847786,0.26627692190647523,0.293633592895515,0.3210688470216495,14,11,112.84778761863708
cbb199ae1edf41c6898c997ae785c4db,162,point,0.22396150239676768,0.2618939269866262,0.3501482277324042,0.3661646023256309,14,14,112.84778761863708
cbb199ae1edf41c6898c997ae785c4db,162,matte,0.23227236346117155,0.2998765611347543,0.2971620873172933,0.32448501270360536,14,12,112.84778761863708
cdc707fbe68c474497cb9dd676ede842,163,normal,0.5872599289054051,0.594418215774931,0.47832059774287417,0.4829898625485907,5,16,136.87330412864685
cdc707fbe68c474497cb9dd676ede842,163,point,0.6416501939296723,0.7519028067588807,0.25872652141518454,0.18954989110887852,5,14,136.87330412864685
cdc707fbe68c474497cb9dd676ede842,163,matte,0.5785910442471505,0.6025559872388839,0.4534699731768319,0.45434346254117786,5,18,136.87330412864685
cffd007512a74a47b48390e1777c2afa,164,normal,0.3185553485492518,0.41665909531644096,0.28728444976402223,0.3112984237400541,9,10,108.83757066726685
cffd007512a74a47b48390e1777c2afa,164,point,0.12386944304065158,0.20174212104110564,0.12000133244150529,0.17568339102693842,9,3,108.83757066726685
cffd007512a74a47b48390e1777c2afa,164,matte,0.3454333872616139,0.4461490812539321,0.29034368526959015,0.3182305991456761,9,12,108.83757066726685
d0c8bc409e2b4b65bb7f3d020a228e35,165,normal,0.43359694170898627,0.4450920445711485,0.48093414329304285,0.47661909054953894,7,8,119.62967014312744
d0c8bc409e2b4b65bb7f3d020a228e35,165,point,0.2904923125669094,0.31284211316545096,0.42125408013004734,0.42119702023151195,7,6,119.62967014312744
d0c8bc409e2b4b65bb7f3d020a228e35,165,matte,0.5586200696088781,0.5653293158549266,0.48330519812351175,0.48853940295864906,7,7,119.62967014312744
d1a5633cfa0740d59bce4d3ea051329d,166,normal,0.33844972877022883,0.40944311114089943,0.34186450468956103,0.38191697915318,10,16,122.59634280204773
d1a5633cfa0740d59bce4d3ea051329d,166,point,0.17336765189438666,0.24361587016742306,0.21676232783265847,0.28186850068477337,10,6,122.59634280204773
d1a5633cfa0740d59bce4d3ea051329d,166,matte,0.3095339506864548,0.3979214519262314,0.3012377290425517,0.33161610704026245,10,20,122.59634280204773
d34629ae9cf3432188545f36ac1d9cb8,167,normal,0.04066398692821167,0.05792709097622719,0.1216210769154971,0.173040282830095,10,3,126.06444692611694
d34629ae9cf3432188545f36ac1d9cb8,167,point,0.04055359374469845,0.05808500806888332,0.12037341734520644,0.17168825433874393,10,3,126.06444692611694
d34629ae9cf3432188545f36ac1d9cb8,167,matte,0.0432331635907758,0.06061653389770072,0.12888712432205848,0.18022897681198263,10,3,126.06444692611694
d4f7c4b5f9bd4284899477cb1f5bb48f,168,normal,0.813946008682251,0.891640305519104,0.1303213953642747,0.08070413174151325,4,8,102.15483546257019
d4f7c4b5f9bd4284899477cb1f5bb48f,168,point,0.4947662800550461,0.5955232977867126,0.3286014665060216,0.3091967329451973,4,5,102.15483546257019
d4f7c4b5f9bd4284899477cb1f5bb48f,168,matte,0.7991722673177719,0.8811073899269104,0.14462462604982043,0.09053147215901738,4,11,102.15483546257019
d5cbe3dc52d94d78848c111fb959e8f2,169,normal,0.4868226321414113,0.496713321772404,0.4822640670035262,0.487572196223135,8,6,108.78306603431702
d5cbe3dc52d94d78848c111fb959e8f2,169,point,0.10590297779708635,0.1747579911898356,0.1158228512397378,0.16067880652326727,8,2,108.78306603431702
d5cbe3dc52d94d78848c111fb959e8f2,169,matte,0.4852462492999621,0.49741994836949743,0.4787265163904608,0.48408529146492163,8,8,108.78306603431702
d7570691b670496bb670a9fc1d28057c,170,normal,0.4439269867170052,0.4873863496838815,0.4149514500392095,0.4459151670492502,11,17,118.58685040473938
d7570691b670496bb670a9fc1d28057c,170,point,0.27089479207378725,0.3701354145093567,0.2384304573900442,0.30275025740617584,11,10,118.58685040473938
d7570691b670496bb670a9fc1d28057c,170,matte,0.37426470594337763,0.4531019767508207,0.3436688058458978,0.3736255445336311,11,19,118.58685040473938
d75e06c3ff8f44f9a9b163399e43f0fd,171,normal,0.00398913294338854,0.007856379932491109,0.006802316835970055,0.013311124312930541,8,6,118.28593730926514
d75e06c3ff8f44f9a9b163399e43f0fd,171,point,0.00036728392569784774,0.0007338753566727974,0.00046016864651243517,0.0009191464032436769,8,6,118.28593730926514
d75e06c3ff8f44f9a9b163399e43f0fd,171,matte,0.000945661139155618,0.001879925568687213,0.002200429313272715,0.004371406648983367,8,3,118.28593730926514
da0ea36b7904452dbd00952aeb4c453e,172,normal,0.5635076490230858,0.6504842038266361,0.3435515591015739,0.32616404556446443,10,20,105.86482238769531
da0ea36b7904452dbd00952aeb4c453e,172,point,0.4147650889281067,0.4938204806268914,0.3607452156370771,0.3669640748385609,10,18,105.86482238769531
da0ea36b7904452dbd00952aeb4c453e,172,matte,0.5243483453989028,0.605150218307972,0.366737201566985,0.3487522277084237,10,17,105.86482238769531
da7af66ce5df4629802e97dc03d186f5,173,normal,0.9523362517356873,0.9734035664134555,0.08504735246326188,0.05010744513541964,9,22,130.10578203201294
da7af66ce5df4629802e97dc03d186f5,173,point,0.9524784750408597,0.9730664690335592,0.09224261958449162,0.05491722949895534,9,15,130.10578203201294
da7af66ce5df4629802e97dc03d186f5,173,matte,0.9468936853938632,0.9704706999990675,0.08595471482678733,0.05100591792429851,9,22,130.10578203201294
dcf35ae14df947a9a700b8bcff8db57f,174,normal,0.2824709489941597,0.4125589666267236,0.16945479251409573,0.21344904147276528,6,20,137.05876517295837
dcf35ae14df947a9a700b8bcff8db57f,174,point,0.28313074881831807,0.41980931411186856,0.15373634462350633,0.18033171095318876,6,11,137.05876517295837
dcf35ae14df947a9a700b8bcff8db57f,174,matte,0.21012697834521532,0.326016491279006,0.13713815241099764,0.18838224947743187,6,15,137.05876517295837
dd76ce99626246889beeb477d6ad2c17,175,normal,0.14091669762162312,0.17814008712258117,0.26667516349955533,0.29894549955757826,13,13,115.15934085845947
dd76ce99626246889beeb477d6ad2c17,175,point,0.07581500029524389,0.1200095063694999,0.12192831554035194,0.1848692242369093,13,4,115.15934085845947
dd76ce99626246889beeb477d6ad2c17,175,matte,0.12518689904516997,0.1577853432511172,0.26281924602761764,0.28168872194194156,13,6,115.15934085845947
de56c4a3d0134a949a74e56e40024f86,176,normal,0.11935270984758972,0.1649844356761605,0.1992938561105194,0.2711217823271538,4,4,137.66505813598633
de56c4a3d0134a949a74e56e40024f86,176,point,0.1691834766534157,0.20561486878432333,0.2861238366476317,0.34239120138765616,4,8,137.66505813598633
de56c4a3d0134a949a74e56e40024f86,176,matte,0.11783692241306198,0.16323198769578084,0.19743381330188228,0.2694988352579202,4,4,137.66505813598633
e12beb2008d348a9b48e6d2beb2121b1,177,normal,0.30625431764201494,0.3354849277748144,0.41111699398112656,0.4271341339537397,8,8,142.416198015213
e12beb2008d348a9b48e6d2beb2121b1,177,point,0.3208426821656758,0.34908283976255916,0.4162291662540048,0.43601935076111487,8,6,142.416198015213
e12beb2008d348a9b48e6d2beb2121b1,177,matte,0.2849095765450329,0.3284437982874806,0.36275259197801674,0.4082071927285313,8,9,142.416198015213
e3afb2e543314bd08dc1adcbabb1e5c6,178,normal,0.7524569630622864,0.8475968986749649,0.1707581630275751,0.114539239794637,4,9,125.79148244857788
e3afb2e543314bd08dc1adcbabb1e5c6,178,point,0.7359631359577179,0.8411505818367004,0.13203504108211683,0.08879674285627731,4,9,125.79148244857788
e3afb2e543314bd08dc1adcbabb1e5c6,178,matte,0.758638396859169,0.8505169600248337,0.18002674710771432,0.1196869186905949,4,12,125.79148244857788
e56ee981a9504153b98e707d6e9c757c,179,normal,0.3070216801948845,0.3551911416153113,0.3784506451737015,0.3982254865588848,15,13,116.61984658241272
e56ee981a9504153b98e707d6e9c757c,179,point,0.1829458285860407,0.21519502185595532,0.32609484905496394,0.34336935448700373,15,9,116.61984658241272
e56ee981a9504153b98e707d6e9c757c,179,matte,0.26675215172581374,0.3070501231898864,0.3734097473378661,0.3888530681810982,15,7,116.61984658241272
ea7259d5a16544c08369264acb581f89,180,normal,0.5768144878425768,0.660859713596957,0.34690552842537126,0.3263581344459109,7,15,111.24263119697571
ea7259d5a16544c08369264acb581f89,180,point,0.25025763229600023,0.34175616555980276,0.2611742412712854,0.28547782292754426,7,4,111.24263119697571
ea7259d5a16544c08369264acb581f89,180,matte,0.555757398051875,0.656343834740775,0.3145717363689816,0.2912314015413732,7,10,111.24263119697571
ed24b6e27921449f935509d9f3da043f,181,normal,0.3596032305753657,0.45072548517159056,0.3228327044186447,0.3350428920780542,14,12,132.74960446357727
ed24b6e27921449f935509d9f3da043f,181,point,0.059915220669186704,0.08447038700070866,0.14662753481705074,0.20663937322556614,14,3,132.74960446357727
ed24b6e27921449f935509d9f3da043f,181,matte,0.2794577053539667,0.3286000550011262,0.3558963774872902,0.3942267114197061,14,10,132.74960446357727
ee67f09ba90c4b91bd2ff00e24332345,182,normal,0.6001271903514862,0.6556551605463028,0.3869704054642589,0.39589506418600534,4,7,101.91211819648743
ee67f09ba90c4b91bd2ff00e24332345,182,point,0.4943824371439405,0.5181368914199993,0.4644626231765805,0.4621124369143264,4,6,101.91211819648743
ee67f09ba90c4b91bd2ff00e24332345,182,matte,0.621571734547615,0.6670604199171066,0.40481212819382856,0.40463219078223017,4,10,101.91211819648743
efccf91fd1ed49289853125f25c0c9ae,183,normal,0.008273718257745108,0.01633757973710696,0.00615345703096368,0.012137100807050306,3,8,94.80518436431885
efccf91fd1ed49289853125f25c0c9ae,183,point,0.05332967514793078,0.09504742245189846,0.06128422133477315,0.10677908277366387,3,3,94.80518436431885
efccf91fd1ed49289853125f25c0c9ae,183,matte,0.046730260675152145,0.08868186424175899,0.01872308378482803,0.033891798692931886,3,5,94.80518436431885
f000c34e5d2a4d2399ccf1ebb83f956c,184,normal,0.2270765412831679,0.25400408576076317,0.36776816809885265,0.390295469159701,14,11,128.07127118110657
f000c34e5d2a4d2399ccf1ebb83f956c,184,point,0.19677501538587552,0.22016353582772094,0.3506968692207383,0.37203939856597523,14,10,128.07127118110657
f000c34e5d2a4d2399ccf1ebb83f956c,184,matte,0.2338699657079165,0.2593045840580349,0.37440349836976095,0.3969692898301993,14,13,128.07127118110657
f044310ff65243f9b90fa0904025c034,185,normal,0.5083689037710428,0.598724238264064,0.33671123529092867,0.3427978976399321,6,12,118.45296716690063
f044310ff65243f9b90fa0904025c034,185,point,0.07518698290611307,0.12833431859811148,0.0874929259488637,0.1419300774513513,6,8,118.45296716690063
f044310ff65243f9b90fa0904025c034,185,matte,0.5210586246103048,0.6096780281513929,0.34068414522878787,0.3422649914423393,6,14,118.45296716690063
f0742330720b49e59740835a12380219,186,normal,0.40468050103767644,0.4163399346206071,0.46736769743749046,0.4804877140728537,7,12,129.11886501312256
f0742330720b49e59740835a12380219,186,point,0.4249406084418297,0.4489662562097822,0.4574727436987699,0.4605957777128805,7,7,129.11886501312256
f0742330720b49e59740835a12380219,186,matte,0.40101373333683504,0.414368371080075,0.4633583418245552,0.4781463494398287,7,13,129.11886501312256
f0d1d771d8014c919d307d63ffd24907,187,normal,0.2928906269620971,0.3378161939492981,0.3810887665010283,0.3931980216339895,7,6,107.65362238883972
f0d1d771d8014c919d307d63ffd24907,187,point,0.36863480268844534,0.4219596040035997,0.39108446187047236,0.4108490490246023,7,4,107.65362238883972
f0d1d771d8014c919d307d63ffd24907,187,matte,0.3278812729487462,0.3708930403892217,0.3951952310384361,0.4163614866238849,7,7,107.65362238883972
f1150d2342a8470e912942c49e978f28,188,normal,0.35471630236133933,0.48062632895178264,0.24099816479999417,0.247876190344498,9,7,100.23938369750977
f1150d2342a8470e912942c49e978f28,188,point,0.10300603834912181,0.17674017945925394,0.0841870163741949,0.13171392746291594,9,4,100.23938369750977
f1150d2342a8470e912942c49e978f28,188,matte,0.43477892596274614,0.557883792453342,0.2576215319528004,0.27329781274529685,9,9,100.23938369750977
f121301624174b179ca4d50158797b03,189,normal,0.15073109291344217,0.1738411885723638,0.3074511352881995,0.33245201727080376,14,4,146.80352759361267
f121301624174b179ca4d50158797b03,189,point,0.12967085029439268,0.16259919717724966,0.2663587252242539,0.2873831220455424,14,3,146.80352759361267
f121301624174b179ca4d50158797b03,189,matte,0.15281722011111146,0.17589092864987574,0.3097944077909035,0.3343727051667752,14,5,146.80352759361267
f222afc918e14e93bcd98d98aed5c698,190,normal,0.13563833497464656,0.21316676884889602,0.13932876609470685,0.20965420425251047,5,5,94.31106734275818
f222afc918e14e93bcd98d98aed5c698,190,point,0.12068937588483095,0.20702424524351953,0.07585582833882037,0.1237424265060345,5,3,94.31106734275818
f222afc918e14e93bcd98d98aed5c698,190,matte,0.13858667984604836,0.21966717392206192,0.1343251196333568,0.20160580133323458,5,8,94.31106734275818
f45ac2100d2342fa8ab39d38d0f874ba,191,normal,0.9640822112560272,0.9816630184650421,0.013717561960220337,0.007112294435501099,2,7,110.55059313774109
f45ac2100d2342fa8ab39d38d0f874ba,191,point,0.763777881860733,0.8551028966903687,0.17262908816337585,0.11205637454986572,2,5,110.55059313774109
f45ac2100d2342fa8ab39d38d0f874ba,191,matte,0.4950130796059966,0.5055124275386333,0.4841083073988557,0.48393814638257027,2,6,110.55059313774109
f56267bbe2ab41428f4d7148876eced1,192,normal,0.34809417284720706,0.4352306225211464,0.30953969673508297,0.3562214901868334,12,18,117.7122688293457
f56267bbe2ab41428f4d7148876eced1,192,point,0.20438676870738468,0.28394705429673195,0.24227825522451812,0.2784020631208034,12,4,117.7122688293457
f56267bbe2ab41428f4d7148876eced1,192,matte,0.2873009742609914,0.33468512637530995,0.3743746943282151,0.3883101461166932,12,11,117.7122688293457
f62a1cee604c44f5a4e969cd8eca06a3,193,normal,0.3172623304805408,0.3893853951400767,0.34425498107141406,0.35565401828813675,6,8,115.87123656272888
f62a1cee604c44f5a4e969cd8eca06a3,193,point,0.3028437317576997,0.3784984329346723,0.32617204097316144,0.3470866371405818,6,8,115.87123656272888
f62a1cee604c44f5a4e969cd8eca06a3,193,matte,0.31275640466871363,0.38500940256441635,0.3415422015594182,0.3540835216474547,6,6,115.87123656272888
f634e3aae845402ca63e015086c9dbb4,194,normal,0.5161509222920618,0.5536039384397944,0.4320092084261903,0.44722066031024377,7,8,109.89632654190063
f634e3aae845402ca63e015086c9dbb4,194,point,0.48806888962696704,0.5439178711136005,0.39866042770738835,0.42006669622765763,7,10,109.89632654190063
f634e3aae845402ca63e015086c9dbb4,194,matte,0.5194344316842034,0.5532391804237184,0.43773192920788273,0.4535006686110525,7,6,109.89632654190063
f70f112151514494ac859a50fa5273ff,195,normal,0.7590709868818521,0.8033566325902939,0.3260127147425278,0.3232842650036,6,9,137.00172543525696
f70f112151514494ac859a50fa5273ff,195,point,0.5788312430183092,0.6713108954330286,0.320948724333224,0.3107219365888278,6,6,137.00172543525696
f70f112151514494ac859a50fa5273ff,195,matte,0.7577217097083727,0.805729802697897,0.3182874859346226,0.31271820273746803,6,11,137.00172543525696
f74229e6014d4d7d8572095b1eac41e3,196,normal,0.2123194355018703,0.2613637383162443,0.3278255048609587,0.33337865736197253,14,10,135.33525729179382
f74229e6014d4d7d8572095b1eac41e3,196,point,0.20369744303336898,0.22688962447656585,0.3572533582698141,0.3768990757419988,14,8,135.33525729179382
f74229e6014d4d7d8572095b1eac41e3,196,matte,0.21844516255493676,0.27256522623689045,0.32298187897446773,0.32934252379185724,14,10,135.33525729179382
f98f9602167641529eb3f8044b61692f,197,normal,0.3160560762626119,0.34095343051012605,0.4161426844830404,0.4423218580051007,8,8,108.5789406299591
f98f9602167641529eb3f8044b61692f,197,point,0.3410599007438577,0.3705262454604963,0.4250843539580105,0.4375635350747192,8,7,108.5789406299591
f98f9602167641529eb3f8044b61692f,197,matte,0.29844179551582783,0.3299518935382366,0.40176427134547216,0.4223960626907958,8,9,108.5789406299591
fcc3241662174fbbb146e6cf658293a9,198,normal,0.09700316796079278,0.15296363085508347,0.13292399061995044,0.1972260175152781,4,5,109.85336112976074
fcc3241662174fbbb146e6cf658293a9,198,point,0.24758766614831984,0.27090585650876164,0.39300349020133973,0.4001632128027522,4,2,109.85336112976074
fcc3241662174fbbb146e6cf658293a9,198,matte,0.0991918258368969,0.1552057908847928,0.13737132262193374,0.20232928127806035,4,6,109.85336112976074
fd5b1428b91c47f1a74d98bb92c9fbe1,199,normal,0.42487249430269003,0.4784228652715683,0.3967022532597184,0.42362602055072784,2,3,124.5370283126831
fd5b1428b91c47f1a74d98bb92c9fbe1,199,point,0.4273444153368473,0.4870436042547226,0.3879224918782711,0.41119004786014557,2,9,124.5370283126831
fd5b1428b91c47f1a74d98bb92c9fbe1,199,matte,0.4259491842240095,0.48594169318675995,0.38693550415337086,0.410844162106514,2,7,124.5370283126831
